frame,cik,start,end,fy,fp,form,filed,AdjustmentsToAdditionalPaidInCapitalSharebasedCompensationRequisiteServicePeriodRecognitionValue_USD,AllocatedShareBasedCompensationExpense_USD,CashAndCashEquivalentsPeriodIncreaseDecrease_USD,ComprehensiveIncomeNetOfTax_USD,CurrentForeignTaxExpenseBenefit_USD,CurrentStateAndLocalTaxExpenseBenefit_USD,DeferredForeignIncomeTaxExpenseBenefit_USD,DeferredIncomeTaxExpenseBenefit_USD,DepreciationAndAmortization_USD,DepreciationDepletionAndAmortization_USD,GrossProfit_USD,IncomeLossFromContinuingOperationsBeforeIncomeTaxesExtraordinaryItemsNoncontrollingInterest_USD,IncomeLossFromContinuingOperationsBeforeIncomeTaxesForeign_USD,IncomeTaxExpenseBenefit_USD,IncomeTaxReconciliationForeignIncomeTaxRateDifferential_USD,IncomeTaxReconciliationIncomeTaxExpenseBenefitAtFederalStatutoryIncomeTaxRate_USD,IncomeTaxReconciliationOtherReconcilingItems_USD,IncomeTaxReconciliationStateAndLocalIncomeTaxes_USD,IncreaseDecreaseInAccountsPayable_USD,IncreaseDecreaseInAccountsReceivable_USD,IncreaseDecreaseInDeferredRevenue_USD,IncreaseDecreaseInOtherOperatingAssets_USD,InterestExpense_USD,InterestPaid_USD,NetCashProvidedByUsedInFinancingActivities_USD,NetCashProvidedByUsedInInvestingActivities_USD,NetCashProvidedByUsedInOperatingActivities_USD,NetIncomeLoss_USD,OperatingExpenses_USD,OperatingIncomeLoss_USD,OperatingLeasesRentExpenseNet_USD,OtherComprehensiveIncomeAvailableForSaleSecuritiesAdjustmentNetOfTaxPeriodIncreaseDecrease_USD,OtherComprehensiveIncomeLossAvailableForSaleSecuritiesAdjustmentNetOfTax_USD,OtherComprehensiveIncomeLossNetOfTax_USD,OtherNonoperatingIncomeExpense_USD,PaymentsToAcquirePropertyPlantAndEquipment_USD,ProceedsFromIssuanceOfLongTermDebt_USD,ProceedsFromMaturitiesPrepaymentsAndCallsOfAvailableForSaleSecurities_USD,ResearchAndDevelopmentExpense_USD,Revenues_USD,SellingGeneralAndAdministrativeExpense_USD,ShareBasedCompensation_USD,ShareBasedCompensationArrangementByShareBasedPaymentAwardOptionsExercisesInPeriodTotalIntrinsicValue_USD,ShareBasedCompensationArrangementByShareBasedPaymentAwardOptionsForfeituresInPeriod_shares,ShareBasedCompensationArrangementByShareBasedPaymentAwardOptionsGrantsInPeriod_shares,ShareBasedCompensationArrangementByShareBasedPaymentAwardOptionsGrantsInPeriodWeightedAverageGrantDateFairValue_USD/shares,ShareBasedCompensationArrangementsByShareBasedPaymentAwardOptionsExercisesInPeriodWeightedAverageExercisePrice_USD/shares,ShareBasedCompensationArrangementsByShareBasedPaymentAwardOptionsForfeituresInPeriodWeightedAverageExercisePrice_USD/shares,ShareBasedCompensationArrangementsByShareBasedPaymentAwardOptionsGrantsInPeriodWeightedAverageExercisePrice_USD/shares,StandardProductWarrantyAccrualPayments_USD,StandardProductWarrantyAccrualWarrantiesIssued_USD,StockIssuedDuringPeriodSharesStockOptionsExercised_shares,UnrecognizedTaxBenefitsIncreasesResultingFromCurrentPeriodTaxPositions_USD,UnrecognizedTaxBenefitsPeriodIncreaseDecrease_USD,EarningsPerShareBasic_USD/shares,EarningsPerShareDiluted_USD/shares,OtherNoncashIncomeExpense_USD,WeightedAverageNumberOfDilutedSharesOutstanding_shares,WeightedAverageNumberOfSharesOutstandingBasic_shares,NetCashProvidedByUsedInFinancingActivitiesContinuingOperations_USD,NetCashProvidedByUsedInInvestingActivitiesContinuingOperations_USD,NetCashProvidedByUsedInOperatingActivitiesContinuingOperations_USD,OtherComprehensiveIncomeLossReclassificationAdjustmentForSaleOfSecuritiesIncludedInNetIncomeNetOfTax_USD,OtherComprehensiveIncomeLossReclassificationAdjustmentFromAOCIForSaleOfSecuritiesNetOfTax_USD,RepaymentsOfLongTermDebt_USD,ShareBasedCompensationArrangementByShareBasedPaymentAwardFairValueAssumptionsExpectedDividendRate_pure,ShareBasedCompensationArrangementByShareBasedPaymentAwardFairValueAssumptionsRiskFreeInterestRate_pure,GainLossOnSaleOfPropertyPlantEquipment_USD,InterestExpenseDebt_USD,OtherComprehensiveIncomeLossNetOfTaxPortionAttributableToParent_USD,OtherComprehensiveIncomeUnrealizedGainLossOnDerivativesArisingDuringPeriodNetOfTax_USD,ProductWarrantyExpense_USD,ShareBasedCompensationArrangementByShareBasedPaymentAwardEquityInstrumentsOtherThanOptionsForfeitedInPeriod_shares,ShareBasedCompensationArrangementByShareBasedPaymentAwardEquityInstrumentsOtherThanOptionsGrantsInPeriod_shares,UnrecognizedTaxBenefitsIncreasesResultingFromPriorPeriodTaxPositions_USD,IncreaseDecreaseInInventories_USD,OtherComprehensiveIncomeLossDerivativesQualifyingAsHedgesNetOfTax_USD,OtherComprehensiveIncomeLossForeignCurrencyTransactionAndTranslationAdjustmentNetOfTax_USD,OtherComprehensiveIncomeLossReclassificationAdjustmentFromAOCIOnDerivativesNetOfTax_USD,PaymentsToAcquireBusinessesNetOfCashAcquired_USD,ProceedsFromIssuanceOfCommonStock_USD,UnrecognizedTaxBenefitsDecreasesResultingFromPriorPeriodTaxPositions_USD,AmortizationOfIntangibleAssets_USD,CashCashEquivalentsRestrictedCashAndRestrictedCashEquivalentsPeriodIncreaseDecreaseIncludingExchangeRateEffect_USD,CurrentFederalTaxExpenseBenefit_USD,Depreciation_USD,EffectiveIncomeTaxRateReconciliationAtFederalStatutoryIncomeTaxRate_pure,EmployeeServiceShareBasedCompensationTaxBenefitFromCompensationExpense_USD,ExcessTaxBenefitFromShareBasedCompensationFinancingActivities_USD,GoodwillImpairmentLoss_USD,IncreaseDecreaseInContractWithCustomerLiability_USD,InterestPaidNet_USD,ShareBasedCompensationArrangementByShareBasedPaymentAwardEquityInstrumentsOtherThanOptionsGrantsInPeriodWeightedAverageGrantDateFairValue_USD/shares,StockIssuedDuringPeriodValueAcquisitions_USD,AdjustmentsToAdditionalPaidInCapitalTaxEffectFromShareBasedCompensation_USD,RevenueFromContractWithCustomerExcludingAssessedTax_USD,ImpairmentOfIntangibleAssetsExcludingGoodwill_USD,IncrementalCommonSharesAttributableToShareBasedPaymentArrangements_shares,ContractWithCustomerLiabilityRevenueRecognized_USD,IncomeTaxReconciliationNondeductibleExpenseShareBasedCompensationCost_USD,OperatingLeasePayments_USD,DeferredFederalIncomeTaxExpenseBenefit_USD,PaymentsToAcquireIntangibleAssets_USD,DeferredStateAndLocalIncomeTaxExpenseBenefit_USD,DefinedContributionPlanMaximumAnnualContributionsPerEmployeeAmount_USD,ImpairmentOfIntangibleAssetsIndefinitelivedExcludingGoodwill_USD,EffectiveIncomeTaxRateReconciliationShareBasedCompensationExcessTaxBenefitAmount_USD,OperatingLeaseCost_USD,UnrecognizedTaxBenefitsIncomeTaxPenaltiesAndInterestExpense_USD,UnrecognizedTaxBenefitsReductionsResultingFromLapseOfApplicableStatuteOfLimitations_USD,EffectiveIncomeTaxRateContinuingOperations_pure,UnrecognizedTaxBenefitsDecreasesResultingFromSettlementsWithTaxingAuthorities_USD
CY2009,1318605,2009-01-01,2009-12-31,2011,FY,10-K/A,2012-03-28,1434000.0,1434000.0,60350000.0,,-53000.0,4000.0,75000.0,75000.0,6940000.0,6900000.0,9535000,-55714000.0,-1269000.0,26000.0,-72000.0,-18943000.0,4809000.0,-2825000.0,902000.0,168000.0,-1456000.0,445000.0,2531000.0,70000.0,155419000.0,-14244000.0,-80825000.0,-55740000,61432000.0,-51897000.0,3200000.0,,,,-1445000.0,11884000.0,,,19282000.0,111943000.0,42150000.0,1434000.0,,1369100.0,10275974.0,3.0,,,,-1508000.0,4407000.0,195264.0,541000.0,,,,,,,,,,,,,,,,,,,,,,,,,,,,,,,,,,,,,,,,,,,,,,,,,,,,,,,,,,,
CY2010,1318605,2010-01-01,2010-12-31,2012,FY,10-K,2013-03-07,21156000.0,21156000.0,29931000.0,-154328000.0,177000.0,9000.0,-13000.0,-13000.0,10623000.0,10000000.0,30731000,-154155000.0,579000.0,173000.0,254000.0,-52413000.0,736000.0,-5842000.0,-212000.0,3222000.0,4801000.0,463000.0,992000.0,1138000.0,338045000.0,-180297000.0,-127817000.0,-154328000,177569000.0,-146838000.0,6300000.0,,,,-6583000.0,40203000.0,71828000.0,,92996000.0,116744000.0,84573000.0,21156000.0,10000000.0,443537.0,3328705.0,10.99,1.84,6.61,17.96,2231000.0,3891000.0,721080.0,797000.0,,,,,,,,,,,,,,,,,,,,,,,,,,,,,,,,,,,,74000.0,,,,,,74000.0,,,,,,,,,,,,,,,,,
CY2010Q1,1318605,2010-01-01,2010-03-31,2011,FY,10-K/A,2012-03-28,,,,,,,,,,,3852000,,,,,,,,,,,,,,,,,-29519000,,,,,,,,,29920000.0,,,20812000.0,,,,,,,,,,,,,,,,,,,,,,,,,,,,,,,,,,,,,,,,,,,,,,,,,,,,,,,,,,,,,,,,,,,,,,,,
CY2010Q2,1318605,2010-04-01,2010-06-30,2011,Q2,10-Q,2011-08-12,,,,,,,,,,,6261000,-38508000.0,,9000.0,,,,,,,,,464000.0,,,,,-38517000,37623000.0,-31362000.0,,,,,-6729000.0,,15499000.0,,15416000.0,28405000.0,22207000.0,,,,,,,,,,,,,,,,,,,,,,,,,,,,,,,,,,,,,,,,,,,,,,,,,,,,,,,,,,,,,,,,,,,,,,,
CY2010Q3,1318605,2010-07-01,2010-09-30,2011,Q3,10-Q,2011-11-14,,,,,,,,,,,9296000,-34852000.0,,83000.0,,,,,,,,,298000.0,,,,,-34935000,47130000.0,-37834000.0,,,,,3180000.0,,11138000.0,,26698000.0,31241000.0,20432000.0,,,,,,,,,,,,,,,,,,,,,,,,,,,,,,,,,,,,,,,,,,,,,,,,,,,,,,,,,,,,,,,,,,,,,,,
CY2010Q4,1318605,2010-10-01,2010-12-31,2011,FY,10-K/A,2012-03-28,,,,,,,,,,,11321000,,,,,,,,,,,,,,,,,-51358000,,,,,,,,,15271000.0,,,36286000.0,,,,,,,,,,,,,,,,,,,,,,,,,,,,,,,,,,,,,,,,,,,,,,,,,,,,,,,,,,,,,,,,,,,,,,,,
CY2011,1318605,2011-01-01,2011-12-31,2011,FY,10-K/A,2012-03-28,29419000.0,29419000.0,155708000.0,-254414000.0,437000.0,29000.0,23000.0,23000.0,16919000.0,14600000.0,61595000,-253922000.0,839000.0,489000.0,-56000.0,-86333000.0,1589000.0,-8118000.0,19891000.0,2829000.0,-1927000.0,288000.0,43000.0,3472000.0,446000000.0,-162258000.0,-128034000.0,-254411000,313083000.0,-251488000.0,8600000.0,-3000.0,-3000.0,-3000.0,-2646000.0,184226000.0,204423000.0,40000000.0,208981000.0,204242000.0,104102000.0,29419000.0,27800000.0,726763.0,4011973.0,17.43,5.41,15.26,27.49,2750000.0,3648000.0,1216669.0,1037000.0,11500000.0,,,,,,,,,,,,,,,,,,,,,,,,,,,,,,,,,,,,,,,,,,,,,,,,,,,,,,,,,,
CY2011Q1,1318605,2011-01-01,2011-03-31,2012,Q1,10-Q,2012-05-10,,5926000.0,1097000.0,48941000.0,,,,,3517000.0,3100000.0,18028000,-48791000.0,,150000.0,,,,,7958000.0,13550000.0,-509000.0,366000.0,,,34283000.0,10111000.0,-43297000.0,-48941000,65374000.0,-47346000.0,,,,,-1485000.0,20476000.0,30656000.0,,41162000.0,49030000.0,24212000.0,5926000.0,,,,,,,,-576000.0,963000.0,,,,,,11000.0,,,,,,,,,,,,,,,,,,,,,,,,,,,,,,,,,,,,,,,,,,,,,,,,,,,,,,,
CY2011Q2,1318605,2011-04-01,2011-06-30,2012,Q2,10-Q,2012-08-02,,6926000.0,,-58903000.0,,,,,,3800000.0,18508000,-58764000.0,,139000.0,,,,,,,,,,,,,,-58903000,77247000.0,-58739000.0,,,,,-71000.0,,31693000.0,,52531000.0,58171000.0,24716000.0,,,,,,,,,650000.0,1135000.0,,,,,,,,,,,,,,,,,,,,,,,,,,,,,,,,,,,,,,,,,,,,,,,,,,,,,,,,,,,,,
CY2011Q3,1318605,2011-07-01,2011-09-30,2012,Q3,10-Q,2012-11-07,,7886000.0,,-65102000.0,,,,,,3700000.0,17224000,-64991000.0,,87000.0,,,,,,,,,,,,,,-65078000,81701000.0,-64477000.0,,,,24000.0,-594000.0,,90822000.0,,54083000.0,57666000.0,27618000.0,,,,,,,,,851000.0,973000.0,,,,,,,,,,,,,,,,,,,,,,,,,,,,,,,,,,,,,,,,,,,,,,,,,,,,,,,,,,,,,
CY2011Q4,1318605,2011-10-01,2011-12-31,2012,FY,10-K,2013-03-07,,,,,,,,,,,7835000,,,,,,,,,,,,,,,,,-81488000,,,,,,,,,51252000.0,,,39375000.0,,,,,,,,,,,,,,,,,,,,,,,,,,,,,,,,,,,,,,,,,,,,,,,,,,,,,,,,,,,,,,,,,,,,,,,,
CY2012,1318605,2012-01-01,2012-12-31,2014,FY,10-K,2015-02-26,50485000.0,50145000.0,-53376000.0,-396210000.0,282000.0,23000.0,-169000.0,-169000.0,28825000.0,25300000.0,30067000,-396077000.0,472000.0,136000.0,262000.0,-134702000.0,525000.0,-12580000.0,189944000.0,17303000.0,-526000.0,482000.0,254000.0,6938000.0,419635000.0,-206930000.0,-266081000.0,-396213000,424350000.0,-394283000.0,12100000.0,,3000.0,3000.0,-1828000.0,239228000.0,188796000.0,40000000.0,273978000.0,413256000.0,150372000.0,50145000.0,35100000.0,1341389.0,11854941.0,16.37,12.52,25.51,31.18,3424000.0,10122000.0,1312439.0,640000.0,,,,-1406000.0,,,419635000.0,-206930000.0,-263815000.0,3000.0,-3000.0,12710000.0,0.0,0.0165,,,,,,,,,,,,,,,,,,,,,,,,,,,,,,,,,,,,,,,,,,,,,
CY2012Q1,1318605,2012-01-01,2012-03-31,2013,Q1,10-Q,2013-05-10,,10711000.0,-36696000.0,-89879000.0,,,,,4163000.0,3800000.0,10210000,-89814000.0,,59000.0,,,,,-7271000.0,4050000.0,176000.0,14000.0,65000.0,,92831000.0,-66227000.0,-63300000.0,-89873000,98973000.0,-88763000.0,,,,-6000.0,-1076000.0,54774000.0,84267000.0,15000000.0,68391000.0,30167000.0,30582000.0,10711000.0,,,,,,,,869000.0,484000.0,,,,-0.86,-0.86,-182000.0,104784343.0,104784343.0,,,,,,,,,,,,,,,,,,,,,,,,,,,,,,,,,,,,,,,,,,,,,,,,,,,,,
CY2012Q2,1318605,2012-04-01,2012-06-30,2013,Q2,10-Q,2013-08-09,,12543000.0,,-105597000.0,,,,,,3700000.0,4762000,-105494000.0,,109000.0,,,,,,,,,84000.0,,,,,-105603000,110937000.0,-106175000.0,,,,6000.0,691000.0,,71274000.0,,74854000.0,26653000.0,36083000.0,,,,,,,,,813000.0,606000.0,,,,,,,,,,,,-6000.0,6000.0,,,,,,,,,,,,,,,,,,,,,,,,,,,,,,,,,,,,,,,,,,,,,,,,
CY2012Q3,1318605,2012-07-01,2012-09-30,2013,Q3,10-Q,2013-11-08,,12475000.0,,-110804000.0,,,,,,6800000.0,-8761000,-110688000.0,,116000.0,,,,,,,,,78000.0,,,,,-110804000,99699000.0,-108460000.0,,,,,-2188000.0,,33256000.0,,61901000.0,50104000.0,37798000.0,,,,,,,,,958000.0,1455000.0,,,,,,,,,,,,,,,0.0,0.0165,,,,,,,,,,,,,,,,,,,,,,,,,,,,,,,,,,,,,,,,,,,,,
CY2012Q4,1318605,2012-10-01,2012-12-31,2013,FY,10-K,2014-02-26,,,,,,,,,,,23857000,,,,,,,,,,,,,,,,,-89932000,,,,,,,,,,,,306332000.0,,,,,,,,,,,,,,,,,,,,,,,,,,,,,,,,,,,,,,,,,,,,,,,,,,,,,,,,,,,,,,,,,,,,,,,,
CY2013,1318605,2013-01-01,2013-12-31,2015,FY,10-K,2016-02-24,86875000.0,83655000.0,643999000.0,-74014000.0,2349000.0,178000.0,61000.0,61000.0,106083000.0,83900000.0,456262000,-71426000.0,3853000.0,2588000.0,-253000.0,-25001000.0,1317000.0,178000.0,20995000.0,21705000.0,268098000.0,434000.0,32934000.0,9041000.0,635422000.0,-249417000.0,257994000.0,-74014000,517545000.0,-61283000.0,21500000.0,,,0.0,22602000.0,264224000.0,,,231976000.0,2013496000.0,285569000.0,80737000.0,294000000.0,1157982.0,2643821.0,40.72,21.42,36.47,74.17,19160000.0,61401000.0,3852673.0,3102000.0,,,,-1815000.0,,,635422000.0,-249417000.0,264804000.0,,0.0,452337000.0,0.0,0.0165,,16288000.0,,,,12463.0,702078.0,,,,,,,360000000.0,7802000.0,,,,,,,,,,,,,,,,,,,,,,,,,,,,,,
CY2013Q1,1318605,2013-01-01,2013-03-31,2014,Q1,10-Q,2014-05-09,,14868000.0,12527000.0,11248000.0,,,,,17850000.0,17400000.0,96320000,11399000.0,,151000.0,,,,,25661000.0,19297000.0,4059000.0,-158000.0,118000.0,,3684000.0,-55236000.0,64079000.0,11248000,101904000.0,-5584000.0,,,,,17091000.0,57727000.0,,,54859000.0,561792000.0,47045000.0,14868000.0,,,,,,,,3107000.0,14156000.0,,,,0.1,0.0,-390000.0,124265292.0,114711899.0,,,,,,12710000.0,,,,,,,,,,,,,,,,,,,,,,,,,,,,,,,,,,,,,,,,,,,,,,,
CY2013Q2,1318605,2013-04-01,2013-06-30,2014,Q2,10-Q,2014-08-08,,19259000.0,,-30502000.0,,,,,,20200000.0,100483000,-30201000.0,,301000.0,,,,,,,,,20116000.0,,,,,-30502000,112275000.0,-11792000.0,,,,,1668000.0,,,,52312000.0,405139000.0,59963000.0,,,,,,,,,1601000.0,11244000.0,,,,,,,,,,,,,,,,,,1300000.0,,,,,,,,,,,,,,,,,,,,,,,,,,,,,,,,,,,,,,,,,,,
CY2013Q3,1318605,2013-07-01,2013-09-30,2014,Q3,10-Q,2014-11-07,,21439000.0,,-38496000.0,,,,,,21200000.0,102868000,-37718000.0,,778000.0,,,,,,,,,6492000.0,,,,,-38496000,133422000.0,-30554000.0,,,,,-740000.0,,,,56351000.0,431346000.0,77071000.0,,,,,,,,,6392000.0,18359000.0,,,,,,,,,,,,,,,,,,500000.0,,,,,,,,,,,,,,,,,,,,,,,,,,,,,,,,,,,,,,,,,,,
CY2013Q4,1318605,2013-10-01,2013-12-31,2014,FY,10-K,2015-02-26,,,,,,,,,,,156590000,,,,,,,,,,,,,,,,,-16264000,,,,,,,,,,,,615219000.0,,,,,,,,,,,,,,,,,,,,,,,,,,,,,,,,,,,,,,,,,,,,,,,,,,,,,,,,,,,,,,,,,,,,,,,,
CY2014,1318605,2014-01-01,2014-12-31,2016,FY,10-K,2017-03-01,162079000.0,156496000.0,1059824000.0,-294062000.0,9203000.0,257000.0,-56000.0,-56000.0,231931000.0,155900000.0,881671000,-284636000.0,-224185000.0,9404000.0,86734000.0,-99622000.0,877000.0,257000.0,252781000.0,183658000.0,209681000.0,4493000.0,100886000.0,20539000.0,,,,-294040000,1068360000.0,-186689000.0,46300000.0,,-22000.0,-22000.0,1813000.0,969885000.0,,189131000.0,464700000.0,3198356000.0,603660000.0,156496000.0,446900000.0,433456.0,1432171.0,94.01,31.8,56.25,181.56,39903000.0,97165000.0,2266697.0,27951000.0,,,,-7471000.0,,,2143130000.0,-990444000.0,-57337000.0,,,,,,-14178000.0,110786000.0,-22000.0,-22000.0,7100000.0,123309.0,1093075.0,56000.0,,,,,,,,,,,,,,,,,,,,,,,,,,,,,,,,,,,,,
CY2014Q1,1318605,2014-01-01,2014-03-31,2014,Q1,10-Q,2014-05-09,,37038000.0,1548019000.0,-49800000.0,,,,,44268000.0,28900000.0,155128000,-48991000.0,,809000.0,,,,,78257000.0,23721000.0,50394000.0,-153000.0,11883000.0,,1816559000.0,-329180000.0,60640000.0,-49800000,199095000.0,-43967000.0,,,,,6718000.0,141364000.0,,,81544000.0,620542000.0,117551000.0,37038000.0,,,,,,,,9300000.0,19930000.0,,,,-0.4,-0.4,-2561000.0,123472782.0,123472782.0,1816559000.0,-329180000.0,58723000.0,,,,,,,12880000.0,,,,,,,,,,,,,,,,,,,,,,,,,,,,,,,,,,,,,,,,,,,
CY2014Q2,1318605,2014-04-01,2014-06-30,2015,Q2,10-Q,2015-08-07,,35783000.0,,-61900000.0,,,,,,36100000.0,212995000,-60750000.0,,1150000.0,,,,,,,,,31238000.0,,,,,-61900000,241748000.0,-28753000.0,,,,,-1226000.0,,,,107717000.0,769349000.0,134031000.0,,,,,,,,,9271000.0,20169000.0,,,,,,,,,,,,,,,,,,32647000.0,,,,,,,,,,,,,,,,,,,,,,,,,,,,,,,,,,,,,,,,,,,
CY2014Q3,1318605,2014-07-01,2014-09-30,2015,Q3,10-Q,2015-11-05,,39158000.0,,-74708000.0,,,,,,40200000.0,251851000,-70981000.0,,3727000.0,,,,,,,,,29062000.0,,,,,-74708000,290980000.0,-39129000.0,,,,,-3090000.0,,,,135873000.0,851804000.0,155107000.0,,,,,,,,,11179000.0,25934000.0,,,,,,,,,,,,,,,,,,32647000.0,,,,,,,,,,,,,,,,,,,,,,,,,,,,,,,,,,,,,,,,,,,
CY2014Q4,1318605,2014-10-01,2014-12-31,2015,FY,10-K,2016-02-24,,,,,,,,,,,261697000,,,,,,,,,,,,,,,,,-107630000,,,,,,,,,,,,956661000.0,,,,,,,,,,,,,,,,,,,,,,,,,,,,,,,,,,,,,,,,,,,,,,,,,,,,,,,,,,,,,,,,,,,,,,,,
CY2015,1318605,2015-01-01,2015-12-31,2017,FY,10-K,2018-02-23,208338000.0,197999000.0,-708805000.0,-892197000.0,10342000.0,525000.0,2172000.0,2172000.0,422590000.0,278700000.0,923503000,-875624000.0,-459930000.0,13039000.0,172259000.0,-306470000.0,1232000.0,525000.0,,-46267000.0,322203000.0,24362000.0,118851000.0,32060000.0,,,,-888663000,1640132000.0,-716629000.0,68200000.0,,,-3534000.0,-41652000.0,1634850000.0,,,717900000.0,4046025000.0,922232000.0,197999000.0,395600000.0,447324.0,,108.28,34.32,96.7,243.22,52760000.0,103001000.0,2012646.0,51124000.0,,-6.93,-6.93,-26373000.0,128202000.0,128202000.0,1523523000.0,-1673551000.0,-524499000.0,,,,,,-37723000.0,137949000.0,-3534000.0,7443000.0,9500000.0,261473.0,1625920.0,6626000.0,369364000.0,7465000.0,-10999000.0,-22000.0,12260000.0,730000000.0,,,,,,,,,,,,,,,,,,,,,,,,,,,,,,,
CY2015Q1,1318605,2015-01-01,2015-03-31,2016,Q1,10-Q,2016-05-10,,43026000.0,-395637000.0,-170124000.0,,,,,77112000.0,52100000.0,260073000,-151141000.0,,3040000.0,,,,,-43242000.0,-2175000.0,50729000.0,6055000.0,26574000.0,,,,,-154181000,362519000.0,-102446000.0,,,,-15943000.0,-22305000.0,426060000.0,,,167154000.0,939880000.0,195365000.0,43026000.0,,,,,,,,11786000.0,27282000.0,,,,,,-2862000.0,,,186156000.0,-432344000.0,-131794000.0,,,,,,-2753000.0,32475000.0,,,1800000.0,,,,,,-16147000.0,,,,,,,,,,,,,,,,,,,,,,,,,,,,,,,,,,
CY2015Q2,1318605,2015-04-01,2015-06-30,2016,Q2,10-Q,2016-08-05,,43335000.0,,-183066000.0,,,,,,60800000.0,213370000,-181060000.0,,3167000.0,,,,,,,,,24352000.0,,,,,-184227000,383558000.0,-170188000.0,,,,1161000.0,13233000.0,,,,181712000.0,954976000.0,201846000.0,,,,,,,,,17287000.0,26014000.0,,,,,,,,,,,,,,,,,,33681000.0,,,2400000.0,,,,,,1157000.0,,,,,,,,,,,,,,,,,,,,,,,,,,,,,,,,,,
CY2015Q3,1318605,2015-07-01,2015-09-30,2016,Q3,10-Q,2016-11-02,,56033000.0,,-239039000.0,,,,,,71800000.0,231496000,-228074000.0,,1784000.0,,,,,,,,,29308000.0,,,,,-229858000,415158000.0,-183662000.0,,,,-9181000.0,-15431000.0,,,,178791000.0,936789000.0,236367000.0,,,,,,,,,21593000.0,26026000.0,,,,-1.78,-1.78,,129006000.0,129006000.0,,,,,,,,,,35109000.0,,,1800000.0,,,,,,-9192000.0,,,,,,,,,,,,,,,,,,,,,,,,,,,,,,,,,,
CY2015Q4,1318605,2015-10-01,2015-12-31,2016,FY,10-K,2017-03-01,,,,,,,,,,,218564000,,,,,,,,,,,,,,,,,-320397000,,,,,,,,,,,,1214379000.0,,,,,,,,,,,,,,,,,,,,,,,,,,,,,,,,,,,,,,,,,,,,,,,,,,,,,,,,,,,,,,,,,,,,,,,,
CY2016,1318605,2016-01-01,2016-12-31,2018,FY,10-K,2019-02-19,347357000.0,334225000.0,2196308000.0,-695098000.0,53962000.0,568000.0,-27832000.0,-27832000.0,947099000.0,477300000.0,1599257000,-746348000.0,-517498000.0,26698000.0,206470000.0,-261222000.0,785000.0,568000.0,,216565000.0,382962000.0,52821000.0,198810000.0,38693000.0,3743976000.0,-1081085000.0,-123829000.0,-674914000,2266597000.0,-667340000.0,116800000.0,,,,111272000.0,1280802000.0,,,834408000.0,7000132000.0,1432189000.0,334225000.0,1680000000.0,,,98.7,,,,79147000.0,153766000.0,,62805000.0,,-4.68,-4.68,,144212000.0,144212000.0,3743976000.0,-1416430000.0,-123829000.0,,,,,,-34633000.0,135438000.0,-20184000.0,43220000.0,19000000.0,,,28677000.0,632867000.0,-1684000.0,-18500000.0,44904000.0,-342719000.0,1701734000.0,,,2532509000.0,,477300000.0,,,,,382962000.0,38693000.0,202.59,2145988000.0,,,,,,,,,,,,,,,,,,
CY2016Q1,1318605,2016-01-01,2016-03-31,2017,Q1,10-Q,2017-05-10,,89657000.0,244881000.0,-265146000.0,,,,,156460000.0,99200000.0,252468000,-278421000.0,,3846000.0,,,,,,159327000.0,89671000.0,6862000.0,40625000.0,,,,,-282267000,500692000.0,-248224000.0,,,,17121000.0,9177000.0,216859000.0,,,182482000.0,1147048000.0,318210000.0,89658000.0,,,,,,,,15704000.0,30271000.0,,,,,,-7135000.0,,,715435000.0,-233819000.0,-249605000.0,,,,,,-26171000.0,35480000.0,17121000.0,20805000.0,2500000.0,,,,,20805000.0,-3684000.0,,,,,,,,,,,,,,,,,,,,,,,,,,,,,,,,,,
CY2016Q2,1318605,2016-04-01,2016-06-30,2017,Q2,10-Q,2017-08-04,,67312000.0,,-272560000.0,,,,,,111900000.0,274776000,-289539000.0,,3649000.0,,,,,,,,,46368000.0,,,,,-293188000,512816000.0,-238040000.0,,,,20628000.0,-7373000.0,,,,191664000.0,1270017000.0,321152000.0,,,,,,,,,24459000.0,38963000.0,,,,,,,,,,,,,,,,,,35951000.0,20628000.0,22928000.0,2600000.0,,,,,22928000.0,-2300000.0,,,,,,,,,,,,,,,,,,,,,,,,,,,,,,,,,,
CY2016Q3,1318605,2016-07-01,2016-09-30,2017,Q3,10-Q,2017-11-03,,89543000.0,,12995000.0,,,,,,126800000.0,636735000,30011000.0,,8133000.0,,,,,,,,,46713000.0,,,,,21878000,551113000.0,85622000.0,,,,-8883000.0,-11756000.0,,,,214302000.0,2298436000.0,336811000.0,,,,,,,,,16571000.0,46454000.0,,,,0.15,0.14,,156935000.0,148991000.0,,,,,14246000.0,,,,,36227000.0,-8883000.0,3349000.0,7200000.0,,,,,-10897000.0,2014000.0,14246000.0,,,,,,,,,,,,,,,,,,,,,,,,,,,,,,,,,
CY2016Q4,1318605,2016-10-01,2016-12-31,2017,FY,10-K,2018-02-23,,,,,,,,,,,435278000,,,,,,,,,,,,,,,,,-121337000,,,,,,,,,,,,2284631000.0,,,,,,,,,,,,,,,,,,,,,,,,,,,,,,,,,,,,,,,,,,,,,,,,,,,,,,,,,,,,,,,,,,,,,,,,
CY2017,1318605,2017-01-01,2017-12-31,2019,FY,10-K,2020-02-13,485000000.0,467000000.0,-25302000.0,-1905000000.0,43000000.0,2000000.0,-3000000.0,-3000000.0,1636003000.0,769300000.0,2223000000,-2209000000.0,-937000000.0,32000000.0,365000000.0,-773000000.0,3178000.0,2000000.0,,25000000.0,468902000.0,,471000000.0,182571000.0,4415000000.0,-4196000000.0,-61000000.0,-1962000000,3855000000.0,-1632000000.0,177700000.0,,,,-125000000.0,3415000000.0,,,1378000000.0,11759000000.0,2477000000.0,467000000.0,544000000.0,,,,,,,123000000.0,249000000.0,,84000000.0,,-11.83,-11.83,,166000000.0,166000000.0,4414864000.0,-4418967000.0,-60654000.0,,,,,,-106000000.0,160000000.0,57000000.0,,6100000.0,,,,179000000.0,-5570000.0,63000000.0,5570000.0,115000000.0,400000000.0,31000000.0,40000000.0,198000000.0,-10000000.0,769000000.0,0.35,1013000000.0,1013196000.0,0.0,469000000.0,183000000.0,308.71,269000000.0,,,,,,,,,,,,,,,,,,
CY2017Q1,1318605,2017-01-01,2017-03-31,2018,Q1,10-Q,2018-05-07,,103717000.0,613377000.0,-327306000.0,,,,,376602000.0,160100000.0,667946000,-371903000.0,,25278000.0,,,,,,-91541000.0,103941000.0,,99346000.0,,,,,-330277000,925495000.0,-257549000.0,,,,,-18098000.0,552624000.0,,,322040000.0,2696270000.0,603455000.0,103717000.0,,,,,,,,23016000.0,66822000.0,,,,-2.04,-2.04,,162129000.0,162129000.0,1598749000.0,-881719000.0,-69811000.0,,,,,,-41120000.0,31421000.0,2971000.0,,6100000.0,,,,124514000.0,-5570000.0,8541000.0,5570000.0,109147000.0,400175000.0,,,658862000.0,,,,,,,,,,,,,,,,,,,,,,,,,,,,
CY2017Q2,1318605,2017-04-01,2017-06-30,2018,Q2,10-Q,2018-08-06,,116042000.0,,-304667000.0,,,,,,176600000.0,666615000,-385780000.0,,15647000.0,,,,,,,,,108441000.0,,,,,-336397000,907531000.0,-240916000.0,,,,,-41208000.0,,,,369774000.0,2789557000.0,537757000.0,,,,,,,,,25384000.0,52797000.0,,,,-2.04,-2.04,,165212000.0,165212000.0,,,,,,,,,,43465000.0,31730000.0,,7400000.0,,,,,,31730000.0,,,,,,,,,,,,,,,,,,,,,,,,,,,,,,,,,,
CY2017Q3,1318605,2017-07-01,2017-09-30,2018,Q3,10-Q,2018-11-02,,112653000.0,,-609087000.0,,,,,,197500000.0,449140000,-671448000.0,,-285000.0,,,,,,,,,117109000.0,,,,,-619376000,984620000.0,-535480000.0,,,,,-24390000.0,,,,331622000.0,2984675000.0,652998000.0,,,,,,,,,39481000.0,60156000.0,,,,-3.7,-3.7,,167294000.0,167294000.0,,,,,,,,,,42546000.0,10289000.0,,10800000.0,,,,,,10289000.0,,,,,,,,,,,,,,,,,,,,,,,,,,,,,,,,,,
CY2017Q4,1318605,2017-10-01,2017-12-31,2018,FY,10-K,2019-02-19,,,,,,,,,,,438786000,,,,,,,,,,,,,,,,,-675350000,,,,,,,,,,,,3288249000.0,,,,,,,,,,,,,,,,,,,,,,,,,,,,,,,,,,,,,,,,,,,,,,,,,,,,,,,,,,,,,,,,,,,,,,,,
CY2018,1318605,2018-01-01,2018-12-31,2020,FY,10-K,2021-02-08,775000000.0,749000000.0,,-1018000000.0,24000000.0,3000000.0,32000000.0,32000000.0,,,4042000000,-1005000000.0,-506000000.0,58000000.0,161000000.0,-211000000.0,960000.0,3000000.0,,497000000.0,,,663000000.0,,574000000.0,-2337000000.0,2098000000.0,-976000000,4430000000.0,-388000000.0,182600000.0,,,,22000000.0,2101000000.0,,,1460000000.0,21461000000.0,2835000000.0,749000000.0,293000000.0,,,,,,,209000000.0,544000000.0,,60000000.0,,-1.14,-1.14,,853000000.0,853000000.0,,,,,,,,,-162000000.0,173000000.0,-41000000.0,,,,,,1023000000.0,,-42000000.0,,18000000.0,,6000000.0,66000000.0,312000000.0,-1000000.0,1110000000.0,0.21,44000000.0,,0.0,406000000.0,381000000.0,316.46,,,21461268000.0,13000000.0,,-112000000.0,39000000.0,,,,,,,,,,,,
CY2018Q1,1318605,2018-01-01,2018-03-31,2019,Q1,10-Q,2019-04-29,146825000.0,141639000.0,,-659978000.0,,,,,416233000.0,245200000.0,456000000,-779022000.0,,5605000.0,,,,,,169142000.0,45795000.0,,149546000.0,,371660000.0,-728637000.0,-398376000.0,-709000000,1053500000.0,-596974000.0,,,,,-37716000.0,655662000.0,,,367096000.0,3409000000.0,686404000.0,141639000.0,,,,,,,,44681000.0,71117000.0,,,,-4.19,-4.19,,169146000.0,169146000.0,371660000.0,-728637000.0,-398376000.0,,,,,,-52237000.0,42022000.0,49573000.0,,5800000.0,,,,322081000.0,,49573000.0,,,,,,-745251000.0,,245200000.0,0.21,,,,45795000.0,,,,,3408751000.0,,,,,,,,,,,,,,,,
CY2018Q2,1318605,2018-04-01,2018-06-30,2019,Q2,10-Q,2019-07-29,206586000.0,197344000.0,,-781915000.0,,,,,,251800000.0,619000000,-728999000.0,,13707000.0,,,,,,,,,163582000.0,,,,,-718000000,1240322000.0,-621392000.0,,,,,50911000.0,,,,386129000.0,4002000000.0,750759000.0,,,,,,,,,49604000.0,118664000.0,,,,-4.22,-4.22,,169997000.0,169997000.0,,,,,,,,,,42755000.0,-64376000.0,,,,,,,,-64376000.0,,,,,,,,251800000.0,,,,,,,,,,4002231000.0,13000000.0,,,,,,,,,,,,,,,
CY2018Q3,1318605,2018-07-01,2018-09-30,2019,Q3,10-Q,2019-10-29,206000000.0,205000000.0,,301000000.0,,,,,,300000000.0,1524000000,271000000.0,,17000000.0,,,,,,,,,175000000.0,,,,,311000000,1108000000.0,416000000.0,,,,,23000000.0,,,,351000000.0,6824000000.0,730000000.0,,,,,,,,,54000000.0,187000000.0,,,,1.82,1.75,,178000000.0,171000000.0,,,,,,,,,,44000000.0,-10000000.0,,,,,,,,-10000000.0,,,,,,,,300000000.0,,,,,,,,,,6824413000.0,,7000000.0,,,,,,,,,,,,,,
CY2018Q4,1318605,2018-10-01,2018-12-31,2019,FY,10-K,2020-02-13,,,,,,,,,,,1443000000,,,,,,,,,,,,,,,,,140000000,,,,,,,,,,,,7226000000.0,,,,,,,,,,,,,,,,,,,,,,,,,,,,,,,,,,,,,,,,,,,,,,,,,,,,,,,,,,,,,,,,,,,,,,,,
CY2019,1318605,2019-01-01,2019-12-31,2021,FY,10-K,2022-02-07,973000000.0,898000000.0,,-890000000.0,86000000.0,5000000.0,23000000.0,19000000.0,,,4069000000,-665000000.0,-465000000.0,110000000.0,189000000.0,-139000000.0,,5000000.0,,367000000.0,,,685000000.0,,1529000000.0,-1436000000.0,2405000000.0,-862000000,4138000000.0,-69000000.0,,,,,45000000.0,1327000000.0,,,1343000000.0,24578000000.0,2646000000.0,898000000.0,237000000.0,,,,,,,250000000.0,555000000.0,,59000000.0,,-0.98,-0.98,,887000000.0,887000000.0,,,,,,,,,-146000000.0,220000000.0,-28000000.0,,,,,,429000000.0,,-28000000.0,,45000000.0,848000000.0,39000000.0,44000000.0,2506000000.0,0.0,1370000000.0,0.21,-7000000.0,,0.0,801000000.0,455000000.0,,482000000.0,,,,,-300000000.0,62000000.0,396000000.0,-4000000.0,5000000.0,0.0,,,,,,,,
CY2019Q1,1318605,2019-01-01,2019-03-31,2020,Q1,10-Q,2020-04-30,230000000.0,208000000.0,,-729000000.0,,,,,,,566000000,-645000000.0,,23000000.0,,,,,,100000000.0,,,158000000.0,,-653000000.0,-306000000.0,-640000000.0,-702000000,1088000000.0,-522000000.0,,,,,26000000.0,280000000.0,,,340000000.0,4541000000.0,704000000.0,208000000.0,,,,,,,,54000000.0,112000000.0,,,,-4.1,-4.1,,173000000.0,173000000.0,,,,,,,,,-18000000.0,40000000.0,-26801000.0,,,,,,809000000.0,,-27000000.0,,1000000.0,,,,-1594000000.0,,299000000.0,,,,,318000000.0,,,93000000.0,,,,,37400000.0,,111320000.0,,,,,,,,,,,
CY2019Q2,1318605,2019-04-01,2019-06-30,2020,Q2,10-Q,2020-07-28,226000000.0,210000000.0,,-379000000.0,,,,,,,921000000,-370000000.0,,19000000.0,,,,,,,,,172000000.0,,,,,-408000000,1088000000.0,-167000000.0,,,,,-41000000.0,,,,324000000.0,6350000000.0,647000000.0,,,,,,,,,61000000.0,153000000.0,,,,-2.31,-2.31,,177000000.0,177000000.0,,,,,,,,,,50000000.0,29414000.0,,,,,,,,29000000.0,,,,,,,,335000000.0,,,,,,,,222000000.0,,,,,,,,,,,,,,,,,,
CY2019Q3,1318605,2019-07-01,2019-09-30,2020,Q3,10-Q,2020-10-26,217000000.0,199000000.0,,29000000.0,,,,,,,1191000000,176000000.0,,26000000.0,,,,,,,,,185000000.0,,,,,143000000,930000000.0,261000000.0,,,,,85000000.0,,,,334000000.0,6303000000.0,596000000.0,,,,,,,,,59000000.0,138000000.0,,,,0.16,0.16,,922000000.0,897000000.0,,,,,,,,,,64000000.0,-114000000.0,,,,,,,,-114000000.0,,,,,,,,353000000.0,,,,,,,,79000000.0,,,,25000000.0,,,,,,,,,,,,,,
CY2019Q4,1318605,2019-10-01,2019-12-31,2020,FY,10-K,2021-02-08,,,,,,,,,,,1391000000,,,,,,,,,,,,,,,,,105000000,,,,,,,,,,,,7384000000.0,,,,,,,,,,,,,,,,,,,,,,,,,,,,,,,,,,,,,,,,,,,,,,,,,,,,,,,,,,,,,,,,,,,,,,,,
CY2020,1318605,2020-01-01,2020-12-31,2022,FY,10-K,2023-01-31,1861000000.0,1734000000.0,,1120000000.0,248000000.0,4000000.0,40000000.0,40000000.0,,,6630000000,1154000000.0,1211000000.0,292000000.0,33000000.0,242000000.0,,4000000.0,,652000000.0,,,748000000.0,,9973000000.0,-3132000000.0,5943000000.0,721000000,4636000000.0,1994000000.0,,,,,-122000000.0,3157000000.0,,,1491000000.0,31536000000.0,3145000000.0,1734000000.0,1550000000.0,,,,,,,312000000.0,625000000.0,,41000000.0,,0.25,0.21,,3249000000.0,2798000000.0,,,,,,,,,-117000000.0,358000000.0,399000000.0,,,,,66000000.0,422000000.0,,399000000.0,,13000000.0,12269000000.0,,51000000.0,13118000000.0,0.0,1570000000.0,,-666000000.0,,0.0,321000000.0,444000000.0,,,,,,198000000.0,-326000000.0,184000000.0,456000000.0,0.0,10000000.0,0.0,,,,,,,,
CY2020Q1,1318605,2020-01-01,2020-03-31,2021,Q1,10-Q,2021-04-28,244000000.0,211000000.0,,-61000000.0,,,,,,,1234000000,70000000.0,,2000000.0,,,,,,-14000000.0,,,169000000.0,,2708000000.0,-480000000.0,-440000000.0,16000000,951000000.0,283000000.0,,,,,-54000000.0,455000000.0,,,324000000.0,5985000000.0,627000000.0,211000000.0,,,,,,,,81000000.0,119000000.0,,,,0.02,0.02,,994000000.0,915000000.0,,,,,,,,,-7000000.0,65000000.0,-77000000.0,,,,,,-981000000.0,,-77000000.0,,,2309000000.0,,,1764000000.0,,371000000.0,,,,,53000000.0,,,,,,,46000000.0,,,,,,,,,,,,,,
CY2020Q2,1318605,2020-04-01,2020-06-30,2021,Q2,10-Q,2021-07-27,367000000.0,347000000.0,,177000000.0,,,,,,,1267000000,150000000.0,,21000000.0,,,,,,,,,170000000.0,,,,,104000000,940000000.0,327000000.0,,,,,-15000000.0,,,,279000000.0,6036000000.0,661000000.0,,,,,,,,,62000000.0,120000000.0,,,,0.11,0.1,,1036000000.0,928000000.0,,,,,,,,,,65000000.0,73000000.0,,,,,,,,73000000.0,,,,,,,,356000000.0,,,,,,,,,,,,53000000.0,,,,,,,,,,,,,,
CY2020Q3,1318605,2020-07-01,2020-09-30,2021,Q3,10-Q,2021-10-25,566000000.0,543000000.0,,496000000.0,,,,,,,2063000000,555000000.0,,186000000.0,,,,,,,,,163000000.0,,,,,331000000,1254000000.0,809000000.0,,,,,-97000000.0,,,,366000000.0,8771000000.0,888000000.0,,,,,,,,,77000000.0,175000000.0,,,,0.32,0.27,,1105000000.0,937000000.0,,,,,,,,,,71000000.0,165000000.0,,,,,,,,165000000.0,,,,,,,,403000000.0,,,,,,,,,,,,74000000.0,,,,,,,,,,,,,,
CY2020Q4,1318605,2020-10-01,2020-12-31,2020,FY,10-K,2021-02-08,,,,,,,,,,,2066000000,,,,,,,,,,,,,,,,,270000000,,,,,,,,,,,,10744000000.0,,,,,,,,,,,,,,,,,,,,,,,,,,,,,,,,,,,,,,,,,,,,,,,,,,,,,,,,,,,,,,,,,,,,,,,,
CY2021,1318605,2021-01-01,2021-12-31,2023,FY,10-K,2024-01-29,2299000000.0,2121000000.0,,5210000000.0,839000000.0,9000000.0,-149000000.0,-149000000.0,,,13606000000,6343000000.0,6348000000.0,699000000.0,-668000000.0,1332000000.0,,6000000.0,,130000000.0,,,371000000.0,,-5203000000.0,-7868000000.0,11497000000.0,5519000000,7083000000.0,6523000000.0,,,,,135000000.0,6482000000.0,,,2593000000.0,53823000000.0,4517000000.0,2121000000.0,26880000000.0,,,,,,,525000000.0,1056000000.0,,124000000.0,,1.87,1.63,,3386000000.0,2959000000.0,,,,,,,,,,17000000.0,-309000000.0,,,,,117000000.0,1709000000.0,,-308000000.0,,0.0,0.0,90000000.0,51000000.0,-1757000000.0,0.0,1910000000.0,,0.0,,0.0,793000000.0,266000000.0,,,,53823000000.0,101000000.0,292000000.0,-366000000.0,201000000.0,616000000.0,0.0,1500000000.0,0.0,3000.0,101000000.0,-7123000000.0,627000000.0,4000000.0,,,
CY2021Q1,1318605,2021-01-01,2021-03-31,2022,Q1,10-Q,2022-04-25,643000000.0,614000000.0,,218000000.0,,,,,,,2215000000,533000000.0,,69000000.0,,,,,,24000000.0,,,99000000.0,,-1016000000.0,-2582000000.0,1641000000.0,438000000,1621000000.0,594000000.0,,,,,28000000.0,1348000000.0,,,666000000.0,10389000000.0,1056000000.0,614000000.0,,,,,,,,116000000.0,183000000.0,,,,0.46,0.39,,1133000000.0,961000000.0,,,,,,,,,,9000000.0,-220000000.0,,,,,,106000000.0,,-220000000.0,,,,,,-2178000000.0,,424000000.0,,,,,162000000.0,,,,,,27000000.0,97000000.0,,,,,1500000000.0,,,,,,,,,
CY2021Q2,1318605,2021-04-01,2021-06-30,2022,Q2,10-Q,2022-07-25,519000000.0,474000000.0,,1205000000.0,,,,,,,2884000000,1293000000.0,,115000000.0,,,,,,,,,75000000.0,,,,,1142000000,1572000000.0,1312000000.0,,,,,45000000.0,,,,576000000.0,11958000000.0,973000000.0,,,,,,,,,125000000.0,275000000.0,,,,1.18,1.02,,1119000000.0,971000000.0,,,,,,,,,,4000000.0,63000000.0,,,,,,,,63000000.0,,,,,,,,461000000.0,,,,,,,,,,,23000000.0,93000000.0,,,,,,,,,,,,,,
CY2021Q3,1318605,2021-07-01,2021-09-30,2022,Q3,10-Q,2022-10-24,524000000.0,475000000.0,,1532000000.0,,,,,,,3660000000,1882000000.0,,223000000.0,,,,,,,,,126000000.0,,,,,1618000000,1656000000.0,2004000000.0,,,,,-6000000.0,,,,611000000.0,13757000000.0,994000000.0,,,,,,,,,140000000.0,249000000.0,,,,0.54,0.48,,3369000000.0,2993000000.0,,,,,,,,,,2000000.0,-86000000.0,,,,,,,,-86000000.0,,,,,,,,495000000.0,,,,,,,,,,,51000000.0,294000000.0,,,,,,,,,,,,,,
CY2022,1318605,2022-01-01,2022-12-31,2023,FY,10-K,2024-01-29,1806000000.0,1560000000.0,,12141000000.0,1266000000.0,62000000.0,-223000000.0,-196000000.0,,,20853000000,13719000000.0,8164000000.0,1132000000.0,-923000000.0,2881000000.0,,51000000.0,,1124000000.0,,,191000000.0,,-3527000000.0,-11973000000.0,14724000000.0,12556000000,7197000000.0,13656000000.0,,,,,-43000000.0,7158000000.0,,,3075000000.0,81462000000.0,3946000000.0,1560000000.0,1900000000.0,,,,,,,803000000.0,1685000000.0,,222000000.0,,4.02,3.62,,3475000000.0,3130000000.0,,,,,,,,,,,-415000000.0,,,,,136000000.0,6465000000.0,,-392000000.0,,0.0,0.0,12000000.0,,-1220000000.0,0.0,2420000000.0,,0.0,,0.0,1131000000.0,152000000.0,,,,81462000000.0,204000000.0,310000000.0,580000000.0,14000000.0,754000000.0,26000000.0,,1000000.0,3000.0,204000000.0,-745000000.0,798000000.0,27000000.0,7000000.0,,
CY2022Q1,1318605,2022-01-01,2022-03-31,2023,Q1,10-Q,2023-04-24,485000000.0,418000000.0,,3214000000.0,,,,,,,5460000000,3626000000.0,,346000000.0,,,,,,409000000.0,,,61000000.0,,-1914000000.0,-2167000000.0,3995000000.0,3318000000,1857000000.0,3603000000.0,,,,,56000000.0,1767000000.0,,,865000000.0,18756000000.0,992000000.0,418000000.0,,,,,,,,151000000.0,322000000.0,,,,1.07,0.95,,3472000000.0,3103000000.0,,,,,,,,,,2000000.0,-104000000.0,,,,,,633000000.0,,-96000000.0,,,,,,-104000000.0,,551000000.0,,,,,287000000.0,,,,,,,313000000.0,,,,,,,,,,,,,,
CY2022Q2,1318605,2022-04-01,2022-06-30,2023,Q2,10-Q,2023-07-24,419000000.0,361000000.0,,1832000000.0,,,,,,,4234000000,2474000000.0,,205000000.0,,,,,,,,,44000000.0,,,,,2259000000,1770000000.0,2464000000.0,,,,,28000000.0,,,,667000000.0,16934000000.0,961000000.0,,,,,,,,,187000000.0,319000000.0,,,,0.73,0.65,,3464000000.0,3111000000.0,,,,,,,,,,0.0,-427000000.0,,,,,,,,-421000000.0,,,,,,,,578000000.0,,,,,,,,,,,170000000.0,302000000.0,,,,,,,,,,,,,,
CY2022Q3,1318605,2022-07-01,2022-09-30,2023,Q3,10-Q,2023-10-23,419000000.0,362000000.0,,2827000000.0,,,,,,,5382000000,3636000000.0,,305000000.0,,,,,,,,,53000000.0,,,,,3292000000,1694000000.0,3688000000.0,,,,,-85000000.0,,,,733000000.0,21454000000.0,961000000.0,,,,,,,,,236000000.0,418000000.0,,,,1.05,0.95,,3468000000.0,3146000000.0,,,,,,,,,,0.0,-465000000.0,,,,,,,,-460000000.0,,,,,,,,620000000.0,,,,,,,,,,21454000000.0,,301000000.0,,,,,,,,,,,,,,
CY2023,1318605,2023-01-01,2023-12-31,2023,FY,10-K,2024-01-29,2013000000.0,1812000000.0,,15215000000.0,1243000000.0,57000000.0,-450000000.0,-6349000000.0,,,17660000000,9973000000.0,6800000000.0,-5001000000.0,-816000000.0,2094000000.0,,-372000000.0,,586000000.0,,,156000000.0,,2589000000.0,-15584000000.0,13256000000.0,14997000000,8769000000.0,8891000000.0,,,,,172000000.0,8898000000.0,,,3969000000.0,96773000000.0,4800000000.0,1812000000.0,1330000000.0,,,,,,,1225000000.0,2333000000.0,,255000000.0,,4.73,4.3,,3485000000.0,3174000000.0,,,,,,,,,,,218000000.0,,,,,59000000.0,1195000000.0,,198000000.0,,64000000.0,,,,265000000.0,48000000.0,3330000000.0,,326000000.0,,0.0,1532000000.0,126000000.0,,,,96773000000.0,0.0,298000000.0,595000000.0,23000000.0,1084000000.0,-5246000000.0,,-653000000.0,3000.0,,-288000000.0,1153000000.0,17000000.0,4000000.0,,6000000.0
CY2023Q1,1318605,2023-01-01,2023-03-31,2024,Q1,10-Q,2024-04-24,465000000.0,418000000.0,,2649000000.0,,,,-55000000.0,,,4511000000,2800000000.0,,261000000.0,,,,,,32000000.0,,,29000000.0,,-233000000.0,-2484000000.0,2513000000.0,2513000000,1847000000.0,2664000000.0,,,,,-48000000.0,2072000000.0,,,771000000.0,23329000000.0,1076000000.0,418000000.0,,,,,,,,280000000.0,532000000.0,,,,0.8,0.73,,3468000000.0,3166000000.0,,,,,,,,,,,136000000.0,,,,,,1540000000.0,,130000000.0,,,,,,-154000000.0,,722000000.0,,,,,106000000.0,,,,,23329000000.0,,289000000.0,230000000.0,,,,,,,,,,,,0.09,
CY2023Q2,1318605,2023-04-01,2023-06-30,2024,Q2,10-Q,2024-07-24,495000000.0,445000000.0,,2518000000.0,,,,,,,4533000000,2937000000.0,,323000000.0,,,,,,,,,28000000.0,,,,,2703000000,2134000000.0,2399000000.0,,,,,328000000.0,,,,943000000.0,24927000000.0,1191000000.0,,,,,,,,,296000000.0,608000000.0,,,,0.85,0.78,,3478000000.0,3171000000.0,,,,,,,,,,,-185000000.0,,,,,,,,-184000000.0,,,,,,,,816000000.0,,,,,,,,,,24927000000.0,,294000000.0,,,,,,,,,,,,,0.11,
CY2023Q3,1318605,2023-07-01,2023-09-30,2023,Q3,10-Q,2023-10-23,513000000.0,465000000.0,,1571000000.0,,,,,,,4178000000,2045000000.0,,167000000.0,,,,,,,,,38000000.0,,,,,1853000000,2414000000.0,1764000000.0,,,,,37000000.0,,,,1161000000.0,23350000000.0,1253000000.0,,,,,,,,,335000000.0,577000000.0,,,,0.58,0.53,,3493000000.0,3176000000.0,,,,,,,,,,,-282000000.0,,,,,,,,-289000000.0,,,,,,,,897000000.0,,,,,,,,,,23350000000.0,,304000000.0,,,,,,,,,,,,,,
CY2024Q1,1318605,2024-01-01,2024-03-31,2024,Q1,10-Q,2024-04-24,578000000.0,524000000.0,,873000000.0,,,,-11000000.0,,,3696000000,1553000000.0,,409000000.0,,,,,,422000000.0,,,76000000.0,,196000000.0,-5084000000.0,242000000.0,1129000000,2525000000.0,1171000000.0,,,,,108000000.0,2773000000.0,,,1151000000.0,21301000000.0,1374000000.0,524000000.0,,,,,,,,328000000.0,547000000.0,,,,0.37,0.34,,3484000000.0,3186000000.0,,,,,,,,,,,-256000000.0,,,,,,2697000000.0,,-252000000.0,,,,,,-4725000000.0,,929000000.0,,,,,195000000.0,,,,,21301000000.0,,286000000.0,,,,,,,,,,,,,0.26,
CY2024Q2,1318605,2024-04-01,2024-06-30,2024,Q2,10-Q,2024-07-24,484000000.0,439000000.0,,1410000000.0,,,,,,,4578000000,1887000000.0,,393000000.0,,,,,,,,,86000000.0,,,,,1478000000,2973000000.0,1605000000.0,,,,,20000000.0,,,,1074000000.0,25500000000.0,1277000000.0,,,,,,,,,340000000.0,710000000.0,,,,0.46,0.42,,3481000000.0,3191000000.0,,,,,,,,,,,-68000000.0,,,,,,,,-72000000.0,,,,,,,,981000000.0,,,,,,,,,,25500000000.0,,278000000.0,,,,,,,,,,,,,0.21,
CY2007,320193,2006-10-01,2007-09-29,2009,FY,10-K/A,2010-01-25,251000000.0,,2960000000.0,3536000000.0,,,,73000000.0,,,8152000000,,,1511000000.0,,,,,1494000000.0,385000000.0,566000000.0,-285000000.0,,,739000000.0,-3249000000.0,5470000000.0,3495000000,3745000000.0,4407000000.0,,-7000000.0,,,,,,6483000000.0,782000000.0,,2963000000.0,242000000.0,,,,,,,,,,,,,4.04,3.93,,889292000.0,864595000.0,,,,,,,,,-12000000.0,,,,,,,,76000000.0,,,,0.0,365000000.0,,,,,,,,377000000.0,,,,,,398000000.0,,,,,,,,251000000.0,,,,,,,,,
CY2008,320193,2007-09-30,2008-09-27,2010,FY,10-K,2010-10-27,513000000.0,,2523000000.0,6047000000.0,275000000.0,359000000.0,-75000000.0,398000000.0,387000000.0,,13197000000,,4600000000.0,2828000000.0,-500000000.0,3131000000.0,1000000.0,217000000.0,596000000.0,785000000.0,718000000.0,-289000000.0,,,1116000000.0,-8189000000.0,9596000000.0,6119000000,4870000000.0,8327000000.0,,-63000000.0,,,,,,11804000000.0,1109000000.0,,3761000000.0,516000000.0,2000000000.0,-1236000.0,9359000.0,,,,,,,,,,6.94,6.78,,902139000.0,881592000.0,,,,,,,0.0,,-22000000.0,,,7000000.0,,-357000.0,4917000.0,,163000000.0,,,,220000000.0,483000000.0,,,,1796000000.0,,0.35,,757000000.0,0.0,,,162.61,21000000.0,770000000.0,,0.0,,,169000000.0,,498000000.0,108000000.0,-25000000.0,,,,,,11000000.0,0.32,0.0
CY2008Q2,320193,2008-03-30,2008-06-28,2009,Q3,10-Q,2009-07-22,,,,,,,,,,,2600000000,,,438000000.0,,,,,,,,,,,,,,1072000000,1208000000.0,1392000000.0,,,,,,,,,292000000.0,,916000000.0,,,,,,,,,,,,,,1.21,1.19,,903167000.0,883738000.0,,,,,,,,,,,,,,,,,,,,,,,,,,,,,,,,,,,,,,,,,,,,,,,,,,,,,
CY2008Q4,320193,2008-09-28,2008-12-27,2010,Q1,10-Q,2010-01-25,,,-4639000000.0,,,,,276000000.0,,,4507000000,,,1004000000.0,,,,,-767000000.0,-226000000.0,200000000.0,-7000000.0,,,62000000.0,-8639000000.0,3938000000.0,2255000000,1406000000.0,3101000000.0,,,,,,,,2226000000.0,315000000.0,,1091000000.0,170000000.0,,,,,,,,,,,,,2.54,2.5,,901494000.0,889142000.0,,,,,,,,,-7000000.0,,,,,,,,-113000000.0,,,,,77000000.0,,,,,,,,19000000.0,,,,,,,,,,,,,,14000000.0,,,,,,,,,
CY2009,320193,2008-09-28,2009-09-26,2011,FY,10-K,2011-10-26,707000000.0,,-6612000000.0,8321000000.0,345000000.0,524000000.0,-35000000.0,1040000000.0,606000000.0,,17222000000,,6600000000.0,3831000000.0,-647000000.0,4223000000.0,36000000.0,339000000.0,92000000.0,939000000.0,521000000.0,713000000.0,,,663000000.0,-17434000000.0,10159000000.0,8235000000,5482000000.0,11740000000.0,,118000000.0,,,,,,19790000000.0,1333000000.0,,4149000000.0,710000000.0,827000000.0,1241000.0,234000.0,46.71,,,,,,8764000.0,,,9.22,9.08,,907005000.0,893016000.0,,,,,,,0.0,,-26000000.0,,,204000000.0,,628000.0,7786000.0,,-54000000.0,,,,0.0,475000000.0,,,,1922000000.0,,0.35,,270000000.0,0.0,,,111.8,,-78000000.0,,0.0,,,266000000.0,,1077000000.0,69000000.0,-2000000.0,,,,,,3000000.0,0.318,0.0
CY2009Q1,320193,2008-12-28,2009-03-28,2010,Q2,10-Q,2010-04-21,,,,,,,,,,,3627000000,,,766000000.0,,,,,,,,,,,,,,1620000000,1304000000.0,2323000000.0,,,,,,,,,319000000.0,,985000000.0,,,,,,,,,,,,,,1.82,1.79,,902993000.0,891180000.0,,,,,,,,,,,,,,,,,,,,,,,,,,,,,,,,,,,,,,,,,,,,,,,,,,,,,
CY2009Q2,320193,2009-03-29,2009-06-27,2010,Q3,10-Q,2010-07-21,,,,1900000000.0,,,,,,,3983000000,,,864000000.0,,,,,,,,,,,,,,1828000000,1351000000.0,2632000000.0,,60000000.0,,,,,,,341000000.0,,1010000000.0,179000000.0,218000000.0,,,,,,,,,,,,2.05,2.01,,909160000.0,893712000.0,,,,,,,0.0,,,,,-30000000.0,-65000000.0,,,,,,,,,,,,,,,,,,,,,,,,,,,,67000000.0,,,,,,,,,,,,
CY2009Q3,320193,2009-06-28,2009-09-26,2010,FY,10-K,2010-10-27,,,,,,,,,,,5105000000,,,,,,,,,,,,,,,,,2532000000,,,,,,,,,,,,,,,,,,,,,,,,,,,2.82,2.77,,,,,,,,,,,,,,,,,,,,,,,,,,,,,,,,,,,,,,,,,,,,,,,,,,,,,,,,
CY2009Q4,320193,2009-09-27,2009-12-26,2011,Q1,10-Q,2011-01-19,,,2346000000.0,3412000000.0,,,,425000000.0,,,6411000000,,,1380000000.0,,,,,956000000.0,-271000000.0,606000000.0,369000000.0,,,523000000.0,-3958000000.0,5781000000.0,3378000000,1686000000.0,4725000000.0,,11000000.0,,,,,,6216000000.0,398000000.0,,1288000000.0,205000000.0,690000000.0,,,,,,,,,,,,3.74,3.67,,919783000.0,903542000.0,,,,,,,,0.0035,-6000000.0,,,6000000.0,,,,,121000000.0,,,,,374000000.0,,,,,,,,252000000.0,,,,,,,,,,,82000000.0,,,5000000.0,,,,,,,,,
CY2010,320193,2009-09-27,2010-09-25,2012,FY,8-K,2013-04-24,876000000.0,,5998000000.0,13890000000.0,282000000.0,655000000.0,-121000000.0,1440000000.0,815000000.0,,25684000000,,13000000000.0,4527000000.0,-2125000000.0,6489000000.0,-117000000.0,351000000.0,6307000000.0,2142000000.0,1217000000.0,1610000000.0,,,1257000000.0,-13854000000.0,18595000000.0,14013000000,7299000000.0,18385000000.0,271000000.0,123000000.0,123000000.0,-123000000.0,,,,24930000000.0,1782000000.0,,5517000000.0,879000000.0,2000000000.0,430000.0,34000.0,108.58,62.69,136.27,202.0,713000000.0,897000000.0,12352000.0,,,15.41,15.15,,924712000.0,909461000.0,,,,-31000000.0,,,0.0,,-24000000.0,,,-180000000.0,,722000.0,6178000.0,,596000000.0,-253000000.0,7000000.0,,638000000.0,912000000.0,,69000000.0,,2150000000.0,,0.35,,751000000.0,0.0,,,214.37,,879000000.0,,0.0,,,314000000.0,,1676000000.0,116000000.0,-115000000.0,,,,,,3000000.0,0.244,102000000.0
CY2010Q1,320193,2009-12-27,2010-03-27,2011,Q2,10-Q,2011-04-21,,,,3088000000.0,,,,,,,5625000000,,,955000000.0,,,,,,,,,,,,,,3074000000,1646000000.0,3979000000.0,,-2000000.0,,,,,,,426000000.0,,1220000000.0,231000000.0,377000000.0,,,108.58,,,,,,,,,3.39,3.33,,922878000.0,907548000.0,,,,,,,,,,,,30000000.0,,,,,,,,,,,,,,,,,,,,,,,,,,,,,79000000.0,,,,,,,,,,,,
CY2010Q2,320193,2010-03-28,2010-06-26,2011,Q3,10-Q,2011-07-20,,,,3236000000.0,,,,,,,6136000000,,,1039000000.0,,,,,,,,,,,,,,3253000000,1902000000.0,4234000000.0,,24000000.0,,,,,,,464000000.0,,1438000000.0,219000000.0,559000000.0,,,0.0,,,,,,,,100000000.0,3.57,3.51,,927361000.0,912197000.0,,,,,,,0.0,,,,,55000000.0,-157000000.0,,,,,,,,,,,,,,,,,,,,,,,,,,,,77000000.0,,,,,,,,,,,,100000000.0
CY2010Q3,320193,2010-06-27,2010-09-25,2011,FY,10-K,2011-10-26,,,,,,,,,,,7512000000,,,,,,,,,,,,,,,,,4308000000,,,,,,,,,,,,,,,,,,,,,,,,,,,4.71,4.64,,,,,,,,,,,,,,,,,,,,,,,,,,,,,,,,,,,,,,,,,,,,,,,,,,,,,,,,
CY2010Q4,320193,2010-09-26,2010-12-25,2012,Q1,10-Q,2012-01-25,,,-527000000.0,6164000000.0,,,,823000000.0,,,10298000000,,,1959000000.0,,,,,2346000000.0,517000000.0,634000000.0,558000000.0,,,429000000.0,-10729000000.0,9773000000.0,6004000000,2471000000.0,7827000000.0,,-99000000.0,,,,,,3279000000.0,575000000.0,,1896000000.0,299000000.0,944000000.0,71000.0,0.0,,,,,,,,,,6.53,6.43,,933154000.0,919294000.0,,,,,,,,0.002,,,,-43000000.0,,138000.0,4683000.0,,-166000000.0,,,,,208000000.0,,,,,,,,454000000.0,,,,290.37,,,,,,,96000000.0,,,49000000.0,,,,,,,,,
CY2011,320193,2010-09-26,2011-09-24,2013,FY,10-K,2013-10-30,1168000000.0,,-1446000000.0,26411000000.0,769000000.0,762000000.0,-167000000.0,2868000000.0,1600000000.0,,43818000000,34205000000.0,24000000000.0,8283000000.0,-3898000000.0,11973000000.0,-9000000.0,552000000.0,2515000000.0,-143000000.0,1654000000.0,1391000000.0,0.0,,1444000000.0,-40419000000.0,37529000000.0,25922000000,10028000000.0,33790000000.0,338000000.0,-41000000.0,-41000000.0,489000000.0,-104000000.0,,0.0,20437000000.0,2429000000.0,,7599000000.0,1168000000.0,2600000000.0,163000.0,1000.0,181.13,67.63,128.42,342.62,1147000000.0,1626000000.0,9697000.0,,,28.05,27.68,,936645000.0,924258000.0,,,,-70000000.0,70000000.0,,,,,,,92000000.0,,742000.0,6667000.0,,-275000000.0,542000000.0,-12000000.0,-450000000.0,244000000.0,831000000.0,,192000000.0,,3884000000.0,,0.35,,1133000000.0,0.0,,,312.63,,,,0.0,,,467000000.0,,2998000000.0,3192000000.0,37000000.0,,,,,,3000000.0,0.242,0.0
CY2011Q1,320193,2010-12-26,2011-03-26,2012,Q2,10-Q,2012-04-25,,,,5999000000.0,,,,,,,10218000000,,,1913000000.0,,,,,,,,,,,,,,5987000000,2344000000.0,7874000000.0,,20000000.0,20000000.0,,,,,,581000000.0,,1763000000.0,287000000.0,875000000.0,,,181.13,,,,,,,,,6.49,6.4,,935944000.0,923196000.0,,,,,,,,,,,,-140000000.0,,,,,,-82000000.0,74000000.0,,,,,,,,,,,,,,,,,,,,,,140000000.0,,,,,,,,,,,,
CY2011Q2,320193,2011-03-27,2011-06-25,2012,Q3,10-Q,2012-07-25,,,,7571000000.0,,,,,,,11922000000,,,2243000000.0,,,,,,,,,,,,,,7308000000,2543000000.0,9379000000.0,,140000000.0,140000000.0,,,,,,628000000.0,,1915000000.0,284000000.0,248000000.0,,,0.0,,,,,,,,,7.89,7.79,,937810000.0,926108000.0,,,,,,,,,,,,8000000.0,,,,,,112000000.0,11000000.0,,,,,,,,,,,,,,,,,,,,,,113000000.0,,,,,,,,,,,,
CY2011Q3,320193,2011-06-26,2011-09-24,2012,FY,8-K,2013-04-24,,,,,,,,,,,11380000000,,,,,,,,,,,,,,,,,6623000000,,,,,,,,,,,,,,,,,,,,,,,,,,,7.13,7.05,,,,,,,,,,,,,,,,,,,,,,,,,,,,,,,,,,,,,,,,,,,,,,,,,,,,,,,,
CY2011Q4,320193,2011-09-25,2011-12-31,2013,Q1,10-Q,2013-01-24,,,495000000.0,13005000000.0,,,,1456000000.0,,,20703000000,,,4413000000.0,,,,,4314000000.0,3561000000.0,1296000000.0,962000000.0,,,69000000.0,-17128000000.0,17554000000.0,13064000000,3363000000.0,17340000000.0,,14000000.0,14000000.0,-59000000.0,,,,3038000000.0,758000000.0,,2605000000.0,420000000.0,457000000.0,12000.0,0.0,,,,,401000000.0,837000000.0,1386000.0,,,14.03,13.87,,941572000.0,931041000.0,,,,,,,,,,,,87000000.0,,490000.0,6130000.0,,460000000.0,-67000000.0,-6000000.0,,0.0,91000000.0,,,,,,,,333000000.0,,,,390.41,,,,,,,145000000.0,,,108000000.0,,,,,,,,,
CY2012,320193,2011-09-25,2012-09-29,2014,FY,8-K,2015-01-28,1740000000.0,1740000000.0,931000000.0,41789000000.0,1203000000.0,1182000000.0,-490000000.0,4405000000.0,2600000000.0,,68662000000,55763000000.0,36800000000.0,14030000000.0,-5895000000.0,19517000000.0,162000000.0,677000000.0,4467000000.0,5551000000.0,2824000000.0,3162000000.0,0.0,0.0,-1698000000.0,-48227000000.0,50856000000.0,41733000000,13421000000.0,55241000000.0,488000000.0,,601000000.0,56000000.0,-566000000.0,,0.0,13035000000.0,3381000000.0,,10040000000.0,1740000000.0,2300000000.0,25000.0,,,84.85,103.22,,1786000000.0,2184000000.0,5337000.0,467000000.0,,6.38,6.31,,6617483000.0,6543726000.0,-1698000000.0,-48227000000.0,50856000000.0,-114000000.0,114000000.0,,,,,,,-131000000.0,,935000.0,7799000.0,340000000.0,15000000.0,-530000000.0,-15000000.0,399000000.0,350000000.0,665000000.0,107000000.0,605000000.0,,7240000000.0,,0.35,,1351000000.0,0.0,,,431.35,,,,0.0,,,567000000.0,,5018000000.0,1107000000.0,-123000000.0,,0.0,,,140000000.0,10000000.0,0.252,3000000.0
CY2012Q1,320193,2012-01-01,2012-03-31,2013,Q2,10-Q,2013-04-24,,,,11762000000.0,,,,,,,18564000000,,,3910000000.0,,,,,,,,,,,,,,11622000000,3180000000.0,15384000000.0,,,249000000.0,140000000.0,,,,,841000000.0,,2339000000.0,424000000.0,719000000.0,,,400.79,,,,464000000.0,466000000.0,,,,12.45,12.3,,944893000.0,933582000.0,,,,,,,,,,,,-21000000.0,,,,,,-118000000.0,9000000.0,,,,,,,,,,,,,,,,,,,,,,156000000.0,,,,,,,,,,,,
CY2012Q2,320193,2012-04-01,2012-06-30,2013,Q3,10-Q,2013-07-24,,,,8832000000.0,,,,,,,14994000000,11861000000.0,,3037000000.0,,,,,,,,,,,,,,8824000000,3421000000.0,11573000000.0,,,3000000.0,8000000.0,,,,,876000000.0,,2545000000.0,448000000.0,332000000.0,,,,,,,436000000.0,323000000.0,,,,9.42,9.32,,947059000.0,936596000.0,,,,,19000000.0,,,,,,,150000000.0,,,,,,96000000.0,-91000000.0,54000000.0,,,,,,,,,,,,,,,,,,,,,131000000.0,,,,,,,,,,,,
CY2012Q3,320193,2012-07-01,2012-09-29,2013,FY,10-K,2013-10-30,,,,,,,,,,,14401000000,,,,,,,,,,,,,,,,,8223000000,,,,,,,,,,,,,,,,,,,,,,,,,,,8.76,8.67,,,,,,,,,,,,,,,,,,,,,,,,,,,,,,,,,,,,,,,,,,,,,,,,,,,,,,,,
CY2012Q4,320193,2012-09-30,2012-12-29,2014,Q1,10-Q,2014-01-28,,,5408000000.0,13191000000.0,,,,1179000000.0,,,21060000000,17672000000.0,,4594000000.0,,,,,6145000000.0,668000000.0,1611000000.0,-413000000.0,0.0,0.0,-4497000000.0,-13521000000.0,23426000000.0,13078000000,3850000000.0,17210000000.0,,,-119000000.0,113000000.0,41000000.0,,,3460000000.0,1010000000.0,,2840000000.0,545000000.0,347000000.0,2000.0,,0.0,107.11,114.09,,686000000.0,1358000000.0,754000.0,,,1.99,1.97,,947217000.0,938916000.0,,,,,53000000.0,,,,,,,146000000.0,,316000.0,3691000.0,,664000000.0,258000000.0,-26000000.0,-112000000.0,284000000.0,76000000.0,,,,,,,,404000000.0,,,,600.62,,,,,,,214000000.0,,,138000000.0,,,,,,,,,
CY2013,320193,2012-09-30,2013-09-28,2015,FY,10-K,2015-10-28,2253000000.0,2253000000.0,3513000000.0,36067000000.0,1559000000.0,1084000000.0,-426000000.0,1141000000.0,5800000000.0,,64304000000,50155000000.0,30500000000.0,13118000000.0,-4614000000.0,17554000000.0,,508000000.0,2340000000.0,2172000000.0,1459000000.0,-1080000000.0,136000000.0,0.0,-16379000000.0,-33774000000.0,53666000000.0,37037000000,15305000000.0,48999000000.0,645000000.0,,-922000000.0,-970000000.0,-324000000.0,8165000000.0,16896000000.0,20317000000.0,4475000000.0,,10830000000.0,2253000000.0,1000000000.0,8000.0,8000.0,294.84,108.33,108.87,,3703000000.0,5032000000.0,2480000.0,626000000.0,,5.72,5.68,,6521634000.0,6477320000.0,-16379000000.0,-33774000000.0,53666000000.0,,131000000.0,,,,,136000000.0,,522000000.0,,1268000.0,5631000.0,745000000.0,973000000.0,64000000.0,-112000000.0,458000000.0,496000000.0,530000000.0,118000000.0,960000000.0,,9334000000.0,,0.35,,701000000.0,0.0,,,547.62,,,,0.0,,,816000000.0,,1878000000.0,911000000.0,-311000000.0,17500.0,0.0,,,189000000.0,9000000.0,0.262,592000000.0
CY2013Q1,320193,2012-12-30,2013-03-30,2014,Q2,10-Q,2014-04-24,,,,9899000000.0,,,,,,,16349000000,12905000000.0,,3358000000.0,,,,,,,,,0.0,,,,,9547000000,3791000000.0,12558000000.0,,,-96000000.0,352000000.0,-73000000.0,,,,1119000000.0,,2672000000.0,575000000.0,211000000.0,,,,,,,847000000.0,1551000000.0,,,,1.45,1.44,,946035000.0,939629000.0,,,,,44000000.0,,,,,,,457000000.0,,,,,,499000000.0,-51000000.0,-42000000.0,,,,,,,,,,,,,,,,,,,,,195000000.0,,,,,,,,,,,,
CY2013Q2,320193,2013-03-31,2013-06-29,2014,Q3,10-Q,2014-07-23,,578000000.0,,5702000000.0,,,,,,,13024000000,9435000000.0,,2535000000.0,,,,,,,,,53000000.0,,,,,6900000000,3823000000.0,9201000000.0,,,-929000000.0,-1198000000.0,-98000000.0,,,,1178000000.0,,2645000000.0,578000000.0,180000000.0,,8000.0,294.84,,,,1033000000.0,736000000.0,,,,1.07,1.07,,6469854000.0,6430323000.0,,,,,46000000.0,,,,,53000000.0,,188000000.0,,,,,,-169000000.0,-100000000.0,357000000.0,,,,,,,,,,,,,,,,,,,,,197000000.0,,,,,,,,,,,,
CY2013Q3,320193,2013-06-30,2013-09-28,2014,FY,8-K,2015-01-28,,,,,,,,,,,13871000000,,,,,,,,,,,,,,,,,7512000000,,,,,,,,,,,,,,,,,,,,,,,,,,,1.19,1.18,,,,,,,,,,,,,,,,,,,,,,,,,,,,,,,,,,,,,,,,,,,,,,,,,,,,,,,,
CY2013Q4,320193,2013-09-29,2013-12-28,2015,Q1,10-Q,2015-01-28,,681000000.0,-182000000.0,13237000000.0,,,,1253000000.0,,,21846000000,17709000000.0,,4637000000.0,,,,,8191000000.0,1098000000.0,1368000000.0,319000000.0,84000000.0,161000000.0,-7749000000.0,-15103000000.0,22670000000.0,13072000000,4383000000.0,17463000000.0,,,-53000000.0,165000000.0,-97000000.0,1985000000.0,0.0,5556000000.0,1330000000.0,,3053000000.0,681000000.0,559000000.0,,1000.0,333.26,102.86,,66.26,1064000000.0,2077000000.0,1308000.0,,,2.08,2.07,,6310161000.0,6272504000.0,-7749000000.0,-15103000000.0,22670000000.0,,11000000.0,,,,,84000000.0,,213000000.0,,216000.0,6183000.0,,358000000.0,285000000.0,-67000000.0,-72000000.0,525000000.0,134000000.0,,,,,,,,280000000.0,,,,491.93,,,,,,,265000000.0,,,59000000.0,,,,,,,,,
CY2014,320193,2013-09-29,2014-09-27,2016,FY,10-K,2016-10-26,2863000000.0,2863000000.0,-415000000.0,41063000000.0,2147000000.0,855000000.0,-658000000.0,2347000000.0,6900000000.0,,70537000000,53483000000.0,33600000000.0,13973000000.0,-4744000000.0,18719000000.0,,469000000.0,5938000000.0,4232000000.0,1460000000.0,-167000000.0,384000000.0,339000000.0,,,,39510000000,18034000000.0,52503000000.0,717000000.0,,151000000.0,1553000000.0,-431000000.0,9571000000.0,11960000000.0,18810000000.0,6041000000.0,,11993000000.0,2863000000.0,1500000000.0,,,,,,,3760000000.0,4952000000.0,,882000000.0,,6.49,6.45,,6122663000.0,6085572000.0,-37549000000.0,-22579000000.0,59713000000.0,,134000000.0,0.0,,,,381000000.0,,1390000000.0,,,,1295000000.0,76000000.0,1539000000.0,-137000000.0,-149000000.0,3765000000.0,730000000.0,280000000.0,1100000000.0,,8624000000.0,,0.35,,739000000.0,0.0,,,,,,,,,,1000000000.0,,3183000000.0,242000000.0,-178000000.0,17500.0,0.0,,,40000000.0,4000000.0,0.261,574000000.0
CY2014Q1,320193,2013-12-29,2014-03-29,2015,Q2,10-Q,2015-04-28,,696000000.0,,10278000000.0,,,,,,,17947000000,13818000000.0,,3595000000.0,,,,,,,,,85000000.0,,,,,10223000000,4354000000.0,13593000000.0,,,196000000.0,55000000.0,-100000000.0,,,,1422000000.0,,2932000000.0,696000000.0,148000000.0,,,,,,,865000000.0,1253000000.0,,,,1.67,1.66,,6156699000.0,6123302000.0,,,,,39000000.0,,,,,84000000.0,,-109000000.0,,,,,,-122000000.0,-19000000.0,13000000.0,,,,,,,,,,,,,,,,,,,,,230000000.0,,,,,,,,,,,,95000000.0
CY2014Q2,320193,2014-03-30,2014-06-28,2015,Q3,10-Q,2015-07-22,,724000000.0,,8085000000.0,,,,,,,14735000000,10484000000.0,,2736000000.0,,,,,,,,,100000000.0,,,,,7748000000,4453000000.0,10282000000.0,,,325000000.0,337000000.0,-137000000.0,,,,1603000000.0,,2850000000.0,,271000000.0,,,,,,,882000000.0,756000000.0,,,,1.29,1.28,,6051711000.0,6012635000.0,,,,,32000000.0,,,,,100000000.0,,-65000000.0,,,,,,-39000000.0,51000000.0,-26000000.0,,,,,,,,,,,,,,,,,,,,,260000000.0,,,,,,,,,,,,
CY2014Q3,320193,2014-06-29,2014-09-27,2015,FY,10-K,2015-10-28,,,,,,,,,,,16009000000,,,,,,,,,,,,,,,,,8467000000,,,,,,,,,,,,,,,,,,,,,,,,,,,1.43,1.42,,,,,,,,,,,,,,,,,,,,,,,,,,,,,,,,,,,,,,,,,,,,,,,,,,,,,,,,
CY2014Q4,320193,2014-09-28,2014-12-27,2016,Q1,10-Q,2016-01-27,,888000000.0,5634000000.0,18905000000.0,,,,2197000000.0,,,29741000000,24416000000.0,,6392000000.0,,,,,9003000000.0,-751000000.0,945000000.0,1648000000.0,131000000.0,202000000.0,,,,18024000000,5495000000.0,24246000000.0,,,-470000000.0,881000000.0,-353000000.0,3217000000.0,3485000000.0,2807000000.0,1895000000.0,,3600000000.0,888000000.0,248000000.0,,,,,,,1044000000.0,2080000000.0,,,,3.08,3.06,,5881803000.0,5843082000.0,-6923000000.0,-21165000000.0,33722000000.0,,14000000.0,,,,,128000000.0,,1982000000.0,,,,,172000000.0,1417000000.0,-66000000.0,565000000.0,23000000.0,80000000.0,,,,,,,,264000000.0,,,,,,,,,,,351000000.0,,,48000000.0,,,,,,,,,
CY2015,320193,2014-09-28,2015-09-26,2017,FY,10-K,2017-11-03,3586000000.0,3586000000.0,7276000000.0,51967000000.0,4744000000.0,1265000000.0,-1806000000.0,1382000000.0,9200000000.0,9200000000.0,93626000000,72515000000.0,47600000000.0,19121000000.0,-6470000000.0,25380000000.0,,680000000.0,5001000000.0,-417000000.0,1042000000.0,283000000.0,733000000.0,514000000.0,-17716000000.0,-56274000000.0,81266000000.0,53394000000,22396000000.0,71230000000.0,794000000.0,,-424000000.0,-1427000000.0,-903000000.0,11247000000.0,27114000000.0,14538000000.0,8067000000.0,,14329000000.0,3586000000.0,479000000.0,,,,,,,4401000000.0,5022000000.0,,1278000000.0,,9.28,9.22,-385000000.0,5793069000.0,5753421000.0,-17716000000.0,-56274000000.0,81266000000.0,,-59000000.0,0.0,,,,722000000.0,-1427000000.0,2905000000.0,,,,2056000000.0,238000000.0,-592000000.0,-411000000.0,3497000000.0,343000000.0,543000000.0,345000000.0,1300000000.0,,11730000000.0,,0.35,1200000000.0,749000000.0,0.0,,,,,,,,,,1200000000.0,,3408000000.0,241000000.0,-220000000.0,18000.0,0.0,,,709000000.0,13000000.0,0.264,109000000.0
CY2015Q1,320193,2014-12-28,2015-03-28,2016,Q2,10-Q,2016-04-27,,927000000.0,,14316000000.0,,,,,,,23656000000,18564000000.0,,4995000000.0,,,,,,,,,163000000.0,,,,,13569000000,5378000000.0,18278000000.0,,,629000000.0,747000000.0,-226000000.0,,,,1918000000.0,,3460000000.0,,119000000.0,,,,,,,1030000000.0,978000000.0,,,,2.34,2.33,,5834858000.0,5793799000.0,,,,,-36000000.0,,,,,161000000.0,,1037000000.0,,,,,,298000000.0,-180000000.0,739000000.0,,,,,,,,,,,,,,,,,,,,,311000000.0,,,,,,,,,,,,
CY2015Q2,320193,2015-03-29,2015-06-27,2016,Q3,10-Q,2016-07-27,,856000000.0,,9065000000.0,,,,,,,19681000000,14473000000.0,,3796000000.0,,,,,,,,,201000000.0,,,,,10677000000,5598000000.0,14083000000.0,,,-420000000.0,-1612000000.0,-175000000.0,,,,2034000000.0,,3564000000.0,,72000000.0,,,,,,,1077000000.0,1071000000.0,,,,1.86,1.85,,5773099000.0,5729886000.0,,,,,-3000000.0,,,,,197000000.0,,-64000000.0,,,,,,-1259000000.0,67000000.0,1195000000.0,,,,,,,,,,,,,,,,,,,,,286000000.0,,,,,,,,,,,,
CY2015Q3,320193,2015-06-28,2015-09-26,2016,FY,10-K,2016-10-26,,,,,,,,,,,20548000000,,,,,,,,,,,,,,,,,11124000000,,,,,,,,,,,,,,,,,,,,,,,,,,,1.97,1.96,,,,,,,,,,,,,,,,,,,,,,,,,,,,,,,,,,,,,,,,,,,,,,,,,,,,,,,,
CY2015Q4,320193,2015-09-27,2015-12-26,2017,Q1,10-Q,2017-02-01,,1078000000.0,-4431000000.0,17226000000.0,,,,1592000000.0,,,30423000000,24573000000.0,,6212000000.0,,,,,-852000000.0,-3896000000.0,-29000000.0,1058000000.0,276000000.0,396000000.0,,,,18361000000,6252000000.0,24171000000.0,,,-875000000.0,-1135000000.0,-263000000.0,3612000000.0,0.0,3514000000.0,2404000000.0,,3848000000.0,1078000000.0,,,,,,,,1269000000.0,1725000000.0,,,,3.3,3.28,-110000000.0,5594127000.0,5558930000.0,-11444000000.0,-20450000000.0,27463000000.0,,-47000000.0,,,,,271000000.0,,287000000.0,,,,,102000000.0,-158000000.0,-102000000.0,445000000.0,86000000.0,1000000.0,,,,,,,413000000.0,224000000.0,,,,,,,,,,,413000000.0,,,394000000.0,,,,,,,,,
CY2016,320193,2015-09-27,2016-09-24,2018,FY,10-K,2018-11-05,4262000000.0,4210000000.0,-636000000.0,46666000000.0,2105000000.0,990000000.0,33000000.0,4938000000.0,8300000000.0,10505000000.0,84263000000,61372000000.0,41100000000.0,15685000000.0,-5582000000.0,21480000000.0,,553000000.0,2117000000.0,-527000000.0,-1554000000.0,-1055000000.0,1456000000.0,1316000000.0,-20890000000.0,-45977000000.0,66231000000.0,45687000000,24239000000.0,60024000000.0,939000000.0,,1638000000.0,979000000.0,-1195000000.0,12734000000.0,24954000000.0,21258000000.0,10045000000.0,215639000000.0,14194000000.0,4210000000.0,,,,,,,,4663000000.0,3585000000.0,,1578000000.0,,8.35,8.31,-486000000.0,5500281000.0,5470820000.0,-20483000000.0,-45977000000.0,65824000000.0,,-56000000.0,2500000000.0,,,,1400000000.0,979000000.0,7000000.0,,,,1121000000.0,-217000000.0,-734000000.0,75000000.0,741000000.0,297000000.0,495000000.0,257000000.0,1500000000.0,,7652000000.0,,0.35,1400000000.0,407000000.0,0.0,,1316000000.0,,,,,,,,1400000000.0,,5043000000.0,814000000.0,-138000000.0,18000.0,0.0,,,295000000.0,0.0,0.256,1618000000.0
CY2016Q1,320193,2015-12-27,2016-03-26,2017,Q2,10-Q,2017-05-03,,1048000000.0,,10948000000.0,,,,,,,19921000000,14142000000.0,,3626000000.0,,,,,,,,,321000000.0,,,,,10516000000,5934000000.0,13987000000.0,,,1018000000.0,432000000.0,-510000000.0,,,,2511000000.0,,3423000000.0,,,,,,,,,1128000000.0,877000000.0,,,,1.91,1.9,,5540886000.0,5514381000.0,,,,,-49000000.0,,,,,311000000.0,432000000.0,-178000000.0,,,,,,-706000000.0,120000000.0,528000000.0,,,,,,,,,347000000.0,,,,,,,,,,,,347000000.0,,,,,,,,,,,,
CY2016Q2,320193,2016-03-27,2016-06-25,2017,Q3,10-Q,2017-08-02,,1054000000.0,,8737000000.0,,,,,,,16106000000,10469000000.0,,2673000000.0,,,,,,,,,409000000.0,,,,,7796000000,6001000000.0,10105000000.0,,,1158000000.0,941000000.0,-263000000.0,,,,2560000000.0,,3441000000.0,,,,,,,,,1110000000.0,380000000.0,,,,1.43,1.42,,5472781000.0,5443058000.0,,,,,12000000.0,,,,,393000000.0,941000000.0,-175000000.0,,,,,,-263000000.0,46000000.0,88000000.0,,,,,,,,,321000000.0,,,,,,,,,,,,321000000.0,,,,,,,,,,,,
CY2016Q3,320193,2016-06-26,2016-09-24,2017,FY,10-K,2017-11-03,,,,,,,,,,,17813000000,,,,,,,,,,,,,,,,,9014000000,,,,,,,,,,,,,,,,,,,,,,,,,,,1.68,1.67,,,,,,,,,,,,,,,,,,,,,,,,,,,,,,,,,,,,,,,,,,,,,,,,,,,,,,,,
CY2016Q4,320193,2016-09-25,2016-12-31,2018,Q1,10-Q,2018-02-02,,1256000000.0,-4113000000.0,17502000000.0,,,,1452000000.0,,,30176000000,24180000000.0,,6289000000.0,,,,,2460000000.0,-1697000000.0,42000000.0,1446000000.0,525000000.0,497000000.0,-12225000000.0,-19122000000.0,27234000000.0,17891000000,6817000000.0,23359000000.0,,,-1788000000.0,-389000000.0,122000000.0,3334000000.0,0.0,6525000000.0,2871000000.0,78351000000.0,3946000000.0,1256000000.0,,,,,,,,1337000000.0,2333000000.0,,,,3.38,3.36,274000000.0,5327995000.0,5298661000.0,-12047000000.0,-19122000000.0,27056000000.0,,-20000000.0,,,,,509000000.0,-389000000.0,1468000000.0,,,,,580000000.0,1774000000.0,-375000000.0,-306000000.0,17000000.0,0.0,,,,,,,465000000.0,178000000.0,,,,,,,,,,,,,,86000000.0,,,,,,,,,
CY2017,320193,2016-09-25,2017-09-30,2019,FY,10-K,2019-10-31,4909000000.0,4840000000.0,-195000000.0,47567000000.0,1671000000.0,259000000.0,-16000000.0,5966000000.0,,10157000000.0,88186000000,64089000000.0,44700000000.0,15738000000.0,-6135000000.0,22431000000.0,,185000000.0,8966000000.0,2093000000.0,-626000000.0,5318000000.0,2323000000.0,2092000000.0,-17974000000.0,-46446000000.0,64225000000.0,48351000000,26842000000.0,61344000000.0,1100000000.0,,-846000000.0,,-133000000.0,12451000000.0,28662000000.0,31775000000.0,11581000000.0,229234000000.0,15261000000.0,4840000000.0,,,,,,,,4322000000.0,4454000000.0,,1880000000.0,,9.27,9.21,166000000.0,5251692000.0,5217242000.0,,,,,64000000.0,3500000000.0,,,,2200000000.0,-784000000.0,1315000000.0,,,,333000000.0,2723000000.0,-162000000.0,224000000.0,1477000000.0,329000000.0,555000000.0,952000000.0,1200000000.0,-195000000.0,7842000000.0,8200000000.0,0.35,1632000000.0,627000000.0,0.0,-593000000.0,2092000000.0,,,,229234000000.0,,,6300000000.0,,,5980000000.0,344000000.0,2000000.0,18000.0,0.0,0.0,,238000000.0,39000000.0,0.246,539000000.0
CY2017Q1,320193,2017-01-01,2017-04-01,2018,Q2,10-Q,2018-05-02,,1217000000.0,,10362000000.0,,,,,,,20591000000,14684000000.0,,3655000000.0,,,,,,,,,530000000.0,,,,,11029000000,6494000000.0,14097000000.0,,,451000000.0,,-165000000.0,,,,2776000000.0,52896000000.0,3718000000.0,,,,,,,,,1031000000.0,1068000000.0,,,,2.11,2.1,,5261688000.0,5225791000.0,,,,,13000000.0,,,,,507000000.0,-667000000.0,-300000000.0,,,,,,-1332000000.0,214000000.0,1032000000.0,,,,,,,,,424000000.0,,,,,,,,,,,,,,,,,,,,,,,,
CY2017Q2,320193,2017-04-02,2017-07-01,2018,Q3,10-Q,2018-08-01,,1193000000.0,,8594000000.0,,,,,,,17488000000,11308000000.0,,2591000000.0,,,,,,,,,602000000.0,,,,,8717000000,6720000000.0,10768000000.0,,,332000000.0,,-185000000.0,,,,2937000000.0,45408000000.0,3783000000.0,,,,,,,,,932000000.0,496000000.0,,,,1.68,1.67,,5233499000.0,5195088000.0,,,,,32000000.0,,,,,574000000.0,-123000000.0,-166000000.0,,,,,,-575000000.0,120000000.0,409000000.0,,,,,,,,,380000000.0,,,,,,,,,,,,,,,,,,,,,,,,
CY2017Q3,320193,2017-07-02,2017-09-30,2017,FY,10-K,2017-11-03,,,,,,,,,,,19931000000,,,,,,,,,,,,,,,,,10714000000,,,,,,,,,,,,52579000000.0,,,,,,,,,,,,,,,2.08,2.07,,,,,,,,,,,,,,,,,,,,,,,,,,,,,,,,,,,,,,,,,,,,,,,,,,,,,,,,
CY2017Q4,320193,2017-10-01,2017-12-30,2019,Q1,10-Q,2019-01-30,,1296000000.0,7202000000.0,19374000000.0,,,,-33737000000.0,,2745000000.0,33912000000,27030000000.0,,6965000000.0,,,,,12602000000.0,5570000000.0,791000000.0,197000000.0,734000000.0,623000000.0,-7501000000.0,-13590000000.0,28293000000.0,20065000000,7638000000.0,26274000000.0,,,-921000000.0,,38000000.0,2810000000.0,6969000000.0,14048000000.0,3407000000.0,88293000000.0,4231000000.0,1296000000.0,,,,,,,,982000000.0,1471000000.0,,,,3.92,3.89,11000000.0,5157787000.0,5112877000.0,,,,,75000000.0,,,,,695000000.0,-691000000.0,88000000.0,,,,,-434000000.0,190000000.0,40000000.0,-102000000.0,173000000.0,,,,,,,,631000000.0,,,569000000.0,623000000.0,,,,88293000000.0,,,2000000000.0,,,,154000000.0,,,,,,,,,
CY2018,320193,2017-10-01,2018-09-29,2020,FY,10-K,2020-10-30,5443000000.0,5340000000.0,5624000000.0,56505000000.0,3986000000.0,551000000.0,1181000000.0,-32590000000.0,,10903000000.0,101839000000,72903000000.0,48000000000.0,13372000000.0,-5606000000.0,17890000000.0,,271000000.0,9175000000.0,5322000000.0,-44000000.0,423000000.0,3240000000.0,,-87876000000.0,16066000000.0,77434000000.0,59531000000,30941000000.0,70898000000.0,1200000000.0,,-3406000000.0,,-441000000.0,13313000000.0,6969000000.0,55881000000.0,14236000000.0,265595000000.0,16705000000.0,5340000000.0,,,,,,,,4115000000.0,3973000000.0,,1824000000.0,,3.0,2.98,444000000.0,20000435000.0,19821510000.0,,,,,-1000000.0,6500000000.0,,,,3000000000.0,-3026000000.0,523000000.0,,,,2431000000.0,-828000000.0,905000000.0,-525000000.0,-382000000.0,721000000.0,669000000.0,2212000000.0,,5624000000.0,41425000000.0,9300000000.0,0.245,1893000000.0,,,-3000000.0,3022000000.0,,,,265595000000.0,,,5800000000.0,,,-33819000000.0,,48000000.0,18500.0,,-675000000.0,,489000000.0,0.0,0.183,756000000.0
CY2018Q1,320193,2017-12-31,2018-03-31,2019,Q2,10-Q,2019-05-01,,1348000000.0,,11877000000.0,,,,,,,23422000000,16168000000.0,,2346000000.0,,,,,,,,,792000000.0,,,,,13822000000,7528000000.0,15894000000.0,,,-1974000000.0,,-439000000.0,,,,3378000000.0,61137000000.0,4150000000.0,,,,,,,,,933000000.0,640000000.0,,,,2.75,2.73,,5068493000.0,5024877000.0,,,,,-29000000.0,,,,,742000000.0,-1945000000.0,-27000000.0,,,,,,-234000000.0,263000000.0,207000000.0,,,,,,,,,347000000.0,,,,,,,,61137000000.0,,,2200000000.0,,,,,,,,,,,,,
CY2018Q2,320193,2018-04-01,2018-06-30,2019,Q3,10-Q,2019-07-31,,1351000000.0,,11472000000.0,,,,,,,20421000000,13284000000.0,,1765000000.0,,,,,,,,,846000000.0,,,,,11519000000,7809000000.0,12612000000.0,,,-544000000.0,,100000000.0,,,,3701000000.0,53265000000.0,4108000000.0,,,,,,,,,1044000000.0,567000000.0,,,,2.36,2.34,,4926609000.0,4882167000.0,,,,,-24000000.0,,,,,780000000.0,-47000000.0,109000000.0,,,,,,1087000000.0,-590000000.0,-978000000.0,,,,,,,,,528000000.0,,,,,,,,53265000000.0,,,2000000000.0,,,,,,,,,,,,,
CY2018Q3,320193,2018-07-01,2018-09-29,2018,FY,10-K,2018-11-05,,,,,,,,,,,24084000000,,,,,,,,,,,,,,,,,14125000000,,,,,,,,,,,,62900000000.0,,,,,,,,,,,,,,,2.94,2.91,,,,,,,,,,,,,,,,,,,,,,,,,,,,,,,,,,,,,,,,62900000000.0,,,,,,,,,,,,,,,,
CY2018Q4,320193,2018-09-30,2018-12-29,2020,Q1,10-Q,2020-01-29,,1559000000.0,18858000000.0,19742000000.0,,,,53000000.0,,3395000000.0,32031000000,23906000000.0,,3941000000.0,,,,,-8501000000.0,-5130000000.0,,886000000.0,890000000.0,,-13676000000.0,5844000000.0,26690000000.0,19965000000,8685000000.0,23346000000.0,,,147000000.0,,143000000.0,3355000000.0,0.0,7203000000.0,3902000000.0,,4783000000.0,1559000000.0,,,,,,,,996000000.0,1123000000.0,,,,1.05,1.05,54000000.0,4773252000.0,4735820000.0,,,,,-37000000.0,0.0,,,,809000000.0,-223000000.0,-334000000.0,,,,,1076000000.0,-292000000.0,-78000000.0,-42000000.0,167000000.0,0.0,,,18858000000.0,,,,750000000.0,,,-370000000.0,836000000.0,,,,84310000000.0,,,2400000000.0,,,,,,,,,,,,,
CY2019,320193,2018-09-30,2019-09-28,2021,FY,10-K,2021-10-29,,6068000000.0,,58037000000.0,3962000000.0,475000000.0,2666000000.0,-340000000.0,,12547000000.0,98392000000,65737000000.0,44300000000.0,10481000000.0,-2625000000.0,13805000000.0,,423000000.0,-1923000000.0,-245000000.0,,-873000000.0,3576000000.0,,-90976000000.0,45896000000.0,69391000000.0,55256000000,34462000000.0,63930000000.0,1300000000.0,,3827000000.0,,422000000.0,10495000000.0,6963000000.0,40102000000.0,16217000000.0,,18245000000.0,6068000000.0,,,,,,,,3857000000.0,3735000000.0,,1697000000.0,,2.99,2.97,652000000.0,18595651000.0,18471336000.0,,,,,-25000000.0,8805000000.0,,,,3200000000.0,2781000000.0,-661000000.0,,,,5845000000.0,289000000.0,-638000000.0,-408000000.0,-23000000.0,624000000.0,781000000.0,686000000.0,,24311000000.0,6384000000.0,11300000000.0,0.21,1967000000.0,,,-625000000.0,3423000000.0,,,,260174000000.0,,,5900000000.0,,,-2939000000.0,,-67000000.0,19000.0,,-639000000.0,,73000000.0,79000000.0,0.159,852000000.0
CY2019Q1,320193,2018-12-30,2019-03-30,2020,Q2,10-Q,2020-05-01,,1514000000.0,,13650000000.0,,,,,,,21821000000,13793000000.0,,2232000000.0,,,,,,,,,1010000000.0,,,,,11561000000,8406000000.0,13415000000.0,,,2070000000.0,,30000000.0,,,,3948000000.0,,4458000000.0,,,,,,,,,915000000.0,583000000.0,,,,0.62,0.61,,4700646000.0,4674071000.0,,,,,-28000000.0,,,,,828000000.0,2089000000.0,-50000000.0,,,,,,-155000000.0,174000000.0,105000000.0,,,,,,,,,331000000.0,,,,,,,,58015000000.0,,,1900000000.0,,,,,,,,,,,,,
CY2019Q2,320193,2019-03-31,2019-06-29,2020,Q3,10-Q,2020-07-31,,1496000000.0,,10904000000.0,,,,,,,20227000000,11911000000.0,,1867000000.0,,,,,,,,,866000000.0,,,,,10044000000,8683000000.0,11544000000.0,,,1231000000.0,,43000000.0,,,,4257000000.0,,4426000000.0,,,,,,,,,912000000.0,548000000.0,,,,0.55,0.55,,4601380000.0,4570633000.0,,,,,22000000.0,,,,,,860000000.0,-108000000.0,,,,,,-152000000.0,-219000000.0,44000000.0,,,,,,,,,502000000.0,,,,,,,,53809000000.0,,,2000000000.0,,,,,,,,,,,,,
CY2019Q3,320193,2019-06-30,2019-09-28,2020,FY,10-K,2020-10-30,,,,,,,,,,,24313000000,,,,,,,,,,,,,,,,,13686000000,,,,,,,,,,,,,,,,,,,,,,,,,,,0.76,0.76,,,,,,,,,,,,,,,,,,,,,,,,,,,,,,,,,,,,,,,,64040000000.0,,,,,,,,,,,,,,,,
CY2019Q4,320193,2019-09-29,2019-12-28,2021,Q1,10-Q,2021-01-28,,1710000000.0,,22266000000.0,,,,-349000000.0,,2816000000.0,35217000000,25918000000.0,,3682000000.0,,,,,-1089000000.0,-2015000000.0,,7054000000.0,785000000.0,,-25407000000.0,-13668000000.0,30516000000.0,22236000000,9648000000.0,25569000000.0,,,115000000.0,,89000000.0,2107000000.0,2210000000.0,19740000000.0,4451000000.0,,5197000000.0,1710000000.0,,,,,,,,915000000.0,1218000000.0,,,,1.26,1.25,142000000.0,17818417000.0,17660160000.0,,,,,10000000.0,1000000000.0,,,,,30000000.0,,,,,,28000000.0,,202000000.0,,958000000.0,2000000.0,,,-8559000000.0,,,,758000000.0,,,985000000.0,771000000.0,,,,91819000000.0,,,1900000000.0,,349000000.0,,,,,,,369000000.0,,,,
CY2020,320193,2019-09-29,2020-09-26,2022,FY,10-K,2022-10-28,,6829000000.0,,57453000000.0,3134000000.0,455000000.0,3383000000.0,-215000000.0,,11056000000.0,104956000000,67091000000.0,38100000000.0,9680000000.0,-2534000000.0,14089000000.0,,423000000.0,-4062000000.0,-6917000000.0,,9588000000.0,2873000000.0,,-86820000000.0,-4289000000.0,80674000000.0,57411000000,38668000000.0,66288000000.0,,,1139000000.0,,-87000000.0,7309000000.0,16091000000.0,69918000000.0,18752000000.0,,19916000000.0,6829000000.0,,,,,,,,2956000000.0,2740000000.0,,1347000000.0,,3.31,3.28,97000000.0,17528214000.0,17352119000.0,,,,,63000000.0,12629000000.0,,,,2800000000.0,42000000.0,,,,,454000000.0,127000000.0,,88000000.0,,1524000000.0,880000000.0,791000000.0,,-10435000000.0,6306000000.0,9700000000.0,0.21,2476000000.0,,,2081000000.0,3002000000.0,,,,274515000000.0,,,5000000000.0,,1500000000.0,-3619000000.0,,21000000.0,19500.0,,-930000000.0,1500000000.0,85000000.0,69000000.0,0.144,85000000.0
CY2020Q1,320193,2019-12-29,2020-03-28,2021,Q2,10-Q,2021-04-29,,1697000000.0,,8878000000.0,,,,,,,22370000000,13135000000.0,,1886000000.0,,,,,,,,,757000000.0,,,,,11249000000,9517000000.0,12853000000.0,,,-2296000000.0,,-10000000.0,,,,4565000000.0,,4952000000.0,,,,,,,,,689000000.0,739000000.0,,,,0.64,0.64,,17618765000.0,17440402000.0,,,,,-29000000.0,,,,,,-2371000000.0,,,,,,,,-566000000.0,,,,,,,,,,444000000.0,,,,,,,,58313000000.0,,,1900000000.0,,353000000.0,,,,,,,363000000.0,,,,
CY2020Q2,320193,2020-03-29,2020-06-27,2021,Q3,10-Q,2021-07-28,,1698000000.0,,13492000000.0,,,,,,,22680000000,13137000000.0,,1884000000.0,,,,,,,,,697000000.0,,,,,11253000000,9589000000.0,13091000000.0,,,3087000000.0,,-158000000.0,,,,4758000000.0,,4831000000.0,,,,,,,,,576000000.0,557000000.0,,,,0.65,0.65,,17419154000.0,17250291000.0,,,,,11000000.0,,,,,,2239000000.0,,,,,,,,194000000.0,,,,,,,,,,740000000.0,,,,,,,,59685000000.0,,,2100000000.0,,388000000.0,,,,,,,381000000.0,,,,
CY2020Q3,320193,2020-06-28,2020-09-26,2020,FY,10-K,2020-10-30,,,,,,,,,,,24689000000,,,,,,,,,,,,,,,,,12673000000,,,,,,,,,,,,,,,,,,,,,,,,,,,0.74,0.73,,,,,,,,,,,,,,,,,,,,,,,,,,,,,,,,,,,,,,,,64698000000.0,,,,,,,,,,,,,,,,
CY2020Q4,320193,2020-09-27,2020-12-26,2022,Q1,10-Q,2022-01-28,,2020000000.0,,29340000000.0,,,,-58000000.0,,2666000000.0,44328000000,33579000000.0,,4824000000.0,,,,,21670000000.0,10945000000.0,,3526000000.0,638000000.0,,-32249000000.0,-8584000000.0,38763000000.0,28755000000,10794000000.0,33534000000.0,,,523000000.0,,-64000000.0,3500000000.0,0.0,25177000000.0,5163000000.0,,5631000000.0,2020000000.0,,,,,,,,723000000.0,1493000000.0,,,,1.7,1.68,-25000000.0,17113688000.0,16935119000.0,,,,,105000000.0,1000000000.0,,,,,585000000.0,,,,,,950000000.0,,549000000.0,,9000000.0,0.0,,,-2070000000.0,,,,1624000000.0,,,1341000000.0,619000000.0,,,,111439000000.0,,,2500000000.0,,,,,,,,,,,,,
CY2021,320193,2020-09-27,2021-09-25,2023,FY,10-K,2023-11-03,,7906000000.0,,95249000000.0,9424000000.0,1620000000.0,2740000000.0,-4774000000.0,,11284000000.0,152836000000,109207000000.0,68700000000.0,14527000000.0,-4715000000.0,22933000000.0,,1151000000.0,12326000000.0,10125000000.0,,8042000000.0,2645000000.0,,-93353000000.0,-14545000000.0,104038000000.0,94680000000,43887000000.0,108949000000.0,,,-967000000.0,,60000000.0,11085000000.0,20393000000.0,59023000000.0,21914000000.0,,21973000000.0,7906000000.0,,,,,,,,2674000000.0,2684000000.0,,1607000000.0,,5.67,5.61,4921000000.0,16864919000.0,16701272000.0,,,,,273000000.0,8750000000.0,,,,2600000000.0,569000000.0,,,,,816000000.0,2642000000.0,,501000000.0,,33000000.0,1105000000.0,1402000000.0,,-3860000000.0,8257000000.0,9500000000.0,0.21,4056000000.0,,,1676000000.0,2687000000.0,,,,365817000000.0,,163647000.0,6700000000.0,,1400000000.0,-7176000000.0,,-338000000.0,19500.0,,-2137000000.0,1700000000.0,219000000.0,181000000.0,0.133,1838000000.0
CY2021Q1,320193,2020-12-27,2021-03-27,2022,Q2,10-Q,2022-04-29,,1981000000.0,,23165000000.0,,,,,,,38079000000,28011000000.0,,4381000000.0,,,,,,,,,670000000.0,,,,,23630000000,10576000000.0,27503000000.0,,,-1478000000.0,,460000000.0,,,,5262000000.0,,5314000000.0,,,,,,,,,649000000.0,309000000.0,,,,1.41,1.4,,16929157000.0,16753476000.0,,,,,75000000.0,,,,,,-465000000.0,,,,,,,,-78000000.0,,,,,,,,,,575000000.0,,,,,,,,89584000000.0,,,2700000000.0,,,,,,,,,,,,,
CY2021Q2,320193,2021-03-28,2021-06-26,2022,Q3,10-Q,2022-07-29,,1960000000.0,,22088000000.0,,,,,,,35255000000,24369000000.0,,2625000000.0,,,,,,,,,665000000.0,,,,,21744000000,11129000000.0,24126000000.0,,,163000000.0,,189000000.0,,,,5717000000.0,,5412000000.0,,,,,,,,,636000000.0,384000000.0,,,,1.31,1.3,,16781735000.0,16629371000.0,,,,,54000000.0,,,,,,344000000.0,,,,,,,,188000000.0,,,,,,,,,,1319000000.0,,,,,,,,81434000000.0,,,3000000000.0,,,,,,,,,,,,,
CY2021Q4,320193,2021-09-26,2021-12-25,2023,Q1,10-Q,2023-02-03,,2265000000.0,,33540000000.0,,,,682000000.0,,2697000000.0,54243000000,41241000000.0,,6611000000.0,,,,,19813000000.0,3934000000.0,,4921000000.0,694000000.0,,-28159000000.0,-16106000000.0,46966000000.0,34630000000,12755000000.0,41488000000.0,,,-1185000000.0,,-203000000.0,2803000000.0,,11309000000.0,6306000000.0,,6449000000.0,2265000000.0,,,,,,,,672000000.0,838000000.0,,,,2.11,2.1,-849000000.0,16519291000.0,16391724000.0,,,,,9000000.0,0.0,,,,,-1090000000.0,,,,,,-681000000.0,,-360000000.0,,,,,,2701000000.0,,,,1536000000.0,,,462000000.0,531000000.0,,,,123945000000.0,,,3000000000.0,,,,,,,,,,,,,
CY2022,320193,2021-09-26,2022-09-24,2023,FY,10-K,2023-11-03,,9038000000.0,,88531000000.0,8996000000.0,1519000000.0,3076000000.0,895000000.0,,11104000000.0,170782000000,119103000000.0,71300000000.0,19300000000.0,-4366000000.0,25012000000.0,,1518000000.0,9448000000.0,1823000000.0,,6499000000.0,2931000000.0,,-110749000000.0,-22354000000.0,122151000000.0,99803000000,51345000000.0,119437000000.0,,,-11899000000.0,,-228000000.0,10708000000.0,5465000000.0,29917000000.0,26251000000.0,,25094000000.0,9038000000.0,,,,,,,,,,,1936000000.0,,6.15,6.11,-1006000000.0,16325819000.0,16215963000.0,,,,,-205000000.0,9543000000.0,,,,,-11272000000.0,,,,,2284000000.0,-1484000000.0,,-1511000000.0,,306000000.0,,1982000000.0,,-10952000000.0,7890000000.0,8700000000.0,0.21,4002000000.0,,,478000000.0,2865000000.0,,,,394328000000.0,,109856000.0,7500000000.0,,1800000000.0,-2265000000.0,,84000000.0,,,-1871000000.0,1900000000.0,,929000000.0,0.162,28000000.0
CY2022Q1,320193,2021-12-26,2022-03-26,2023,Q2,10-Q,2023-05-05,,2252000000.0,,19443000000.0,,,,,,,42559000000,30139000000.0,,5129000000.0,,,,,,,,,691000000.0,,,,,25010000000,12580000000.0,29979000000.0,,,-5579000000.0,,151000000.0,,,,6387000000.0,,6193000000.0,,,,,,,,,581000000.0,257000000.0,,,,1.54,1.52,,16403316000.0,16278802000.0,,,,,-54000000.0,,,,,,-5567000000.0,,,,,,,,-21000000.0,,,,,,,,,,649000000.0,,,,,,,,97278000000.0,,,3000000000.0,,,,,,,,,,,,,
CY2022Q2,320193,2022-03-27,2022-06-25,2023,Q3,10-Q,2023-08-04,,2243000000.0,,16639000000.0,,,,,,,35885000000,23066000000.0,,3624000000.0,,,,,,,,,719000000.0,,,,,19442000000,12809000000.0,23076000000.0,,,-3055000000.0,,-13000000.0,,,,6797000000.0,,6012000000.0,,,,,,,,,534000000.0,177000000.0,,,,1.2,1.2,,16262203000.0,16162945000.0,,,,,-95000000.0,,,,,,-2803000000.0,,,,,,,,-721000000.0,,,,,,,,,,1231000000.0,,,,,,,,82959000000.0,,,3100000000.0,,,,,,,,,,,,,
CY2022Q4,320193,2022-09-25,2022-12-31,2024,Q1,10-Q,2024-02-02,,2905000000.0,,28195000000.0,,,,,,2916000000.0,50332000000,35623000000.0,,5625000000.0,,,,,-6075000000.0,-4275000000.0,,4099000000.0,1003000000.0,,-35563000000.0,-1445000000.0,34005000000.0,29998000000,14316000000.0,36016000000.0,,,965000000.0,,-258000000.0,3787000000.0,,7127000000.0,7709000000.0,,6607000000.0,2905000000.0,,,,,,,,,,,,,1.89,1.88,317000000.0,15955718000.0,15892723000.0,,,,,-65000000.0,1401000000.0,,,,,-1803000000.0,,,,,,1807000000.0,,-14000000.0,,,,,,-3003000000.0,,,,1178000000.0,,,131000000.0,703000000.0,,,,117154000000.0,,62995000.0,3400000000.0,,,,,,,,,,,,,
CY2023,320193,2022-09-25,2023-09-30,2023,FY,10-K,2023-11-03,,10833000000.0,,96652000000.0,8750000000.0,1570000000.0,669000000.0,,,11519000000.0,169148000000,113736000000.0,72900000000.0,16741000000.0,-5744000000.0,23885000000.0,,1124000000.0,-1889000000.0,1688000000.0,,5684000000.0,3933000000.0,,-108488000000.0,3705000000.0,110543000000.0,96995000000,54847000000.0,114301000000.0,,,1816000000.0,,-382000000.0,10959000000.0,5228000000.0,39686000000.0,29915000000.0,,24932000000.0,10833000000.0,,,,,,,,,,,2628000000.0,,6.16,6.13,2227000000.0,15812547000.0,15744231000.0,,,,,-253000000.0,11151000000.0,,,,,-343000000.0,,,,,2044000000.0,1618000000.0,,-765000000.0,,,,1463000000.0,,5760000000.0,9445000000.0,8500000000.0,0.21,3421000000.0,,,,3803000000.0,,,,383285000000.0,,68316000.0,8200000000.0,,1900000000.0,-3644000000.0,,-49000000.0,,,-1120000000.0,2000000000.0,,494000000.0,0.147,19000000.0
CY2023Q1,320193,2023-01-01,2023-04-01,2024,Q2,10-Q,2024-05-03,,2686000000.0,,25326000000.0,,,,,,,41976000000,28382000000.0,,4222000000.0,,,,,,,,,930000000.0,,,,,24160000000,13658000000.0,28318000000.0,,,1465000000.0,,76000000.0,,,,7457000000.0,,6201000000.0,,,,,,,,,,,,,,1.53,1.52,,15847050000.0,15787154000.0,,,,,-62000000.0,,,,,,1166000000.0,,,,,,,,-95000000.0,,,,,,,,,,620000000.0,,,,,,,,94836000000.0,,59896000.0,3500000000.0,,,,,,,,,,,,,
CY2023Q2,320193,2023-04-02,2023-07-01,2024,Q3,10-Q,2024-08-02,,2617000000.0,,19826000000.0,,,,,,,36413000000,22733000000.0,,2852000000.0,,,,,,,,,998000000.0,,,,,19881000000,13415000000.0,22998000000.0,,,-282000000.0,,-247000000.0,,,,7442000000.0,,5973000000.0,,,,,,,,,,,,,,1.27,1.26,,15775021000.0,15697614000.0,,,,,-58000000.0,,,,,,-55000000.0,,,,,,,,-385000000.0,,,,,,,,,,993000000.0,,,,,,,,81797000000.0,,77407000.0,3300000000.0,,,,,,,,,,,,,
CY2023Q4,320193,2023-10-01,2023-12-30,2024,Q1,10-Q,2024-02-02,,2997000000.0,,35990000000.0,,,,,,2848000000.0,54855000000,40323000000.0,,6407000000.0,,,,,-4542000000.0,-6555000000.0,,1457000000.0,,,-30585000000.0,1927000000.0,39895000000.0,33916000000,14482000000.0,40373000000.0,,,3120000000.0,,,2392000000.0,,13046000000.0,7696000000.0,,6786000000.0,2997000000.0,,,,,,,,,,,,,2.19,2.18,989000000.0,15576641000.0,15509763000.0,,,,,-75000000.0,0.0,,,,,2074000000.0,,,,,,137000000.0,,308000000.0,,,,,,11237000000.0,,,,1235000000.0,,,,,,,,119575000000.0,,66878000.0,3500000000.0,,,,,,,,,,,,,
CY2024Q1,320193,2023-12-31,2024-03-30,2024,Q2,10-Q,2024-05-03,,2964000000.0,,24054000000.0,,,,,,,42271000000,28058000000.0,,4422000000.0,,,,,,,,,,,,,,23636000000,14371000000.0,27900000000.0,,,52000000.0,,,,,,7903000000.0,,6468000000.0,,,,,,,,,,,,,,1.53,1.53,,15464709000.0,15405856000.0,,,,,-59000000.0,,,,,,418000000.0,,,,,,,,-322000000.0,,,,,,,,,,663000000.0,,,,,,,,90753000000.0,,58853000.0,3300000000.0,,,,,,,,,,,,,
CY2024Q2,320193,2024-03-31,2024-06-29,2024,Q3,10-Q,2024-08-02,,2869000000.0,,21992000000.0,,,,,,,39678000000,25494000000.0,,4046000000.0,,,,,,,,,,,,,,21448000000,14326000000.0,25352000000.0,,,298000000.0,,,,,,8006000000.0,,6320000000.0,,,,,,,,,,,,,,1.4,1.4,,15348175000.0,15287521000.0,,,,,-30000000.0,,,,,,544000000.0,,,,,,,,-73000000.0,,,,,,,,,,764000000.0,,,,,,,,85777000000.0,,60654000.0,3400000000.0,,,,,,,,,,,,,
